Ярославль;г. Ярославль, ул. Свободы д. 91;;Режим работы: с 9:00 до 22:00; +7 (4852) 67 09 40 ;АТАК
Ярославль;г. Ярославль, пр. Фрунзе д. 43/30;;Режим работы: с 9:00 до 22:00; +7 (499) 685 14 22 ;АТАК
Ярославль;г. Ярославль, ул. Волгоградская, 39;;Режим работы: с 9:00 до 22:00; +7 (495) 660 98 70;АТАК
Электросталь;г. Электросталь, ул. Карла Маркса д.30 (Т/Ц «Центральный»);;Режим работы: с 9:00 до 22:00; +7 (496) 575 58 07;АТАК
Электросталь;г. Электросталь, Ногинское шоссе, д. 2;;Режим работы: с 9:00 до 22:00; +7 (496) 571 96 87;АТАК
Электросталь; г. Электросталь, ул. Тевосяна, д.19;;Режим работы: с 9:00 до 22:00; +7 (496) 572 49 95;АТАК
Щёлково; Пролетарский проспект, 8а;;Режим работы: с 9:00 до 22:00; +7 (499) 553 83 26;АТАК
Шатура;г. Шатура, проспект Борзова, дом 1;;Режим работы: с 9:00 до 22:00; +7(499) 685 10 92;АТАК
Чехов;г. Чехов, ул. Полиграфистов 1 б.;;Режим работы: с 9:00 до 22:00; +7 (495) 739 22 93;АТАК
Чехов;г. Чехов, ул. Чехова, 2;;Режим работы: с 9:00 до 22:00; +7 (4967) 26 12 76;АТАК
Хотьково;г. Хотьково, ул. Михеенко, д.14;;Режим работы: с 9:00 до 22:00; +7 (499) 553 83 95;АТАК
Химки;г. Химки, ул. Молодёжная, д. 12а;;Режим работы: с 9:00 до 22:00; +7 (495) 638 57 42;АТАК
Химки;г. Химки, ул. Московская, 14;;Режим работы: с 9:00 до 22:00; +7 (495) 995 14 06;АТАК
Фрязино;г. Фрязино, ул. Советская, д. 13-19;;Режим работы: с 9:00 до 22:00; +7 (499) 685 13 77;АТАК
Углич;г. Углич, Рыбинское шоссе, 3Режим работы: с 9:00 до 22:00;;Режим работы: с 9:00 до 22:00;;АТАК
Тула;г. Тула, ул. Пушкина, 26 АРежим работы: с 9:00 до 22:00;;Режим работы: с 9:00 до 22:00;;АТАК
Тула;г. Тула, ул. Макаренко 19 к. 2Режим работы: с 9:00 до 22:00;;Режим работы: с 9:00 до 22:00;;АТАК
Тула;г. Тула, ул. Максима Горького, 1Б;;Режим работы: с 9:00 до 22:00; +7 (4872) 39 41 05;АТАК
Троицк;г. Троицк, ул. Солнечная, 13;;Режим работы: с 9:00 до 22:00; +7 (495) 660 98 79;АТАК
Тверь; г. Тверь, пр-т. 50-лет Октября д. 46Режим работы: с 9:00 до 22:00;;Режим работы: с 9:00 до 22:00;;АТАК
Тверь;г. Тверь, ул. Хромова, д.17 к1;;Режим работы: с 9:00 до 22:00; +7 (4822) 30 34 70;АТАК
Тверь;г. Тверь, ул. Орджоникидзе д. 51;;Режим работы: с 9:00 до 22:00; +7 (4822) 30 34 51;АТАК
Тверь;г. Тверь, пр-т Победы 14;;Режим работы: с 9:00 до 22:00; +7 (4822) 32 11 09;АТАК
Тверь;г. Тверь, ул Маршала Конева 12, корп 1;;Режим работы: с 9:00 до 22:00; +7 (4822) 39 61 41;АТАК
Ступино;г. Ступино, ул. Фрунзе дом 4;;Режим работы: с 9:00 до 22:00; +7 (499) 657 97 10;АТАК
Солнечногорск;г. Солнечногорск, мкр. Рекинцо-2, ул,Красная д.22А;;Режим работы: с 9:00 до 22:00; +7 (499) 657 97 19;АТАК
Серпухов;г. Серпухов, Борисовское шоссе д.5Режим работы: с 9:00 до 22:00;;Режим работы: с 9:00 до 22:00;;АТАК
Сергиев Посад;Сергиев Посад, ул. Центральная д. 1Режим работы: с 8:00 до 21:00;;Режим работы: с 8:00 до 21:00;;АТАК
Сергиев Посад;г. Сергиев-Посад, ул. Дружбы д. 14 аРежим работы: с 9:00 до 22:00;;Режим работы: с 9:00 до 22:00;;АТАК
Сергиев Посад; г. Сергиев Посад, проспект Красной Армии, 212Д;;Режим работы: с 9:00 до 22:00; +7 (496) 989 25 39;АТАК
Сергиев Посад;г. Сергиев Посад, ул. Кооперативная, 3;;Режим работы: с 9:00 до 22:00; +7 (496) 547 06 70;АТАК
Свердловский;МО, п. Свердловский, ул. Заводская 1А Режим работы: с 9:00 до 22:00;;Режим работы: с 9:00 до 22:00;;АТАК
Рязань;г. Рязань, ул. Бирюзова, 22/2;;Режим работы: с 9:00 до 22:00; +7 (499) 685 14 37;АТАК
Рязань;г. Рязань, р-н Дашково-Песочная,ул Новоселов, д14/16;;Режим работы: с 9:00 до 22:00; +7 (4912) 95 04 18;АТАК
Рязань;г. Рязань, ул Пушкина 27;;Режим работы: с 9:00 до 22:00; +7 (4912) 40 15 23;АТАК
Рыбинск;Ярославская обл., г. Рыбинск, ул.Моторостроителей, 29аРежим работы: с 9:00 до 22:00;;Режим работы: с 9:00 до 22:00;;АТАК
Рыбинск;г. Рыбинск, ул. Захарова д. 38;;Режим работы: с 9:00 до 22:00; +7 (4855) 23 92 51;АТАК
Рыбинск;г. Рыбинск, ул. Герцена 62 а;;Режим работы: с 9:00 до 22:00; +7 (4855) 23 94 30;АТАК
Реутов;г. Реутов, ул. Победы д.28;;Режим работы: с 9:00 до 22:00; +7 (499) 553 84 29;АТАК
Раменское;Г. Раменское, ул. Молодежная д.20Режим работы: с 9:00 до 22:00;;Режим работы: с 9:00 до 22:00;;АТАК
Протвино ;г. Протвино, Московская обл., Рыночный проезд, д.3Режим работы: с 9:00 до 22:00;;Режим работы: с 9:00 до 22:00;;АТАК
Подольск;МО, г. Подольск, ул. Ленинградская д. 7Режим работы: с 09:00 до 22:00;;Режим работы: с 09:00 до 22:00;;АТАК
Подольск;г. Подольск, ул. Готвальда, 6вРежим работы: с 9:00 до 22:00;;Режим работы: с 9:00 до 22:00;;АТАК
Пенза;г. Пенза, Антонова, д.78Режим работы: с 9:00 до 22:00;;Режим работы: с 9:00 до 22:00;;АТАК
Пенза;г. Пенза, проспект Победы, дом 124Режим работы: с 9:00 до 22:00;;Режим работы: с 9:00 до 22:00;;АТАК
Пенза;г. Пенза, улица Кулакова д.1Режим работы: с 9:00 до 22:00;;Режим работы: с 9:00 до 22:00;;АТАК
Пенза;г. Пенза, пр-т Строителей 67;;Режим работы: с 8:00 до 22:00; +7 (8412) 23 34 36;АТАК
Павловский Посад;г. Павловский Посад, ул. Большая Покровская, 35;;Режим работы: с 9:00 до 22:00; +7 (499) 553 83 68;АТАК
Павлово;Нижегорадская обл., г. Павлово, ул. Коммунистическая, д.10Режим работы: с 9:00 до 22:00;;Режим работы: с 9:00 до 22:00;;АТАК
Орехово-Зуево;Орехово-Зуево, ул. Ленина д.15Режим работы: с 9:00 до 22:00;;Режим работы: с 9:00 до 22:00;;АТАК
Орехово-Зуево;г. Орехово-Зуево, ул. Северная д.1;;Режим работы: с 9:00 до 22:00; +7 (499) 685 14 54;АТАК
Обнинск; г. Обнинск, пр-т Маркса, 70Режим работы: с 9:00 до 22:00;;Режим работы: с 9:00 до 22:00;;АТАК
Обнинск;г. Обнинск, ул. Красных Зорь д.16;;Режим работы: с 9:00 до 22:00; +7 (499) 657 96 89;АТАК
Ногинск ;Трудовая, 11;;Режим работы: с 9:00 до 22:00; +7 (499) 685 14 49;АТАК
Ногинск ;г. Ногинск, ул. 3-го Интернационала, д. 44;;Режим работы: с 9:00 до 22:00; +7(495) 995 16 26;АТАК
Новомосковск;г. Новомосковск, ул.Маяковского д.20;;Режим работы: с 9:00 до 22:00; +7 (487) 627 03 44;АТАК
Нижний Новгород;г, Нижний Новгород, Мещерский бульвар, д. 9Режим работы: с 9:00 до 22:00;;Режим работы: с 9:00 до 22:00;;АТАК
Нижний Новгород;Нижний Новгород, ул. Щербакова д. 15Режим работы: с 9:00 до 22:00;;Режим работы: с 9:00 до 22:00;;АТАК
Нижний Новгород;г. Нижний Новгород, улица Нартова д.2 Режим работы: с 9:00 до 22:00;;Режим работы: с 9:00 до 22:00;;АТАК
Нижний Новгород;Нижегородская обл., г. Дзержинск, пр. Циолковского 98В к.1;;Режим работы: с 9:00 до 22:00; +7 (831) 323 96 49;АТАК
Нижний Новгород;г. Нижний Новгород, ул. Бурнаковская, 51а;;Режим работы: с 9:00 до 22:00; +7 (831) 261 03 55;АТАК
Нижний Новгород;г. Дзержинск, пр. Ленина, 68а;;Режим работы: с 9:00 до 22:00; +7 (831) 323 96 40;АТАК
Нижний Новгород;г. Нижний Новгород, ул. Прыгунова, 14;;Режим работы: с 9:00 до 22:00; +7 (831) 261 03 96;АТАК
Нижний Новгород;г. Нижний Новгород, ул. Бекетова, 73А;;Режим работы: с 9:00 до 22:00; +7 (831) 261 03 91;АТАК
Нижний Новгород;г. Нижний Новгород, ул. Ошарская;;Режим работы: с 9:00 до 22:00; +7 (831) 261 03 87;АТАК
Наро-Фоминск;г. Наро-Фоминск, Кубинское шоссе, строение 5;;Режим работы: с 9:00 до 22:00; +7 (495) 643 12 38;АТАК
Наро-Фоминск;г. Наро-Фоминск, ул. Ленина, 8;;Режим работы: с 9:00 до 22:00; +7 (496) 343 62 12;АТАК
Мытищи;г. Мытищи, Олимпийский пр-т, вл.13, стр. 1;;Режим работы: с 9:00 до 22:00; +7 (498) 602 41 16;АТАК
Муром;г. Муром, Ул. Комсомольская д.23аРежим работы: с 9:00 до 22:00;;Режим работы: с 9:00 до 22:00;;АТАК
Муром;г. Муром, улица Филатова, дом 10;;Режим работы: с 9:00 до 22:00; +7 (4922) 22 20 73;АТАК
Московская область;Московская обл., г. Можайск, Ул. 1-я Железнодорожная, д. 41АРежим работы: с 9:00 до 22:00;;Режим работы: с 9:00 до 22:00;;АТАК
Московская область;Одинцовский район, п. Горки-10 стр. 24А;;Режим работы: с 9:00 до 22:00; +7 (495) 634 76 38;АТАК
Москва;г. Москва, Новосущевская 1508.00-23.00;;[];;АТАК
Москва;БауманскаяМосква, ул. Бакунинская 38-42 стр. 108.00-23.00;;[];;АТАК
Москва;г. Москва Ясный проезд д. 19 стр. 2Режим работы: с 9:00 до 22:00;;Режим работы: с 9:00 до 22:00;;АТАК
Москва;Москва, ул. Зверинецкая, д.34Режим работы: с 8:00 до 23:00;;Режим работы: с 8:00 до 23:00;;АТАК
Москва;сокольникиМосква, Ул. Сокольническая пл.9Режим работы: с 8:00 до 23:00;;Режим работы: с 8:00 до 23:00;;АТАК
Москва;Москва, г. Московский, ул. Солнечная д. 1Режим работы: с 9:00 до 22:00;;Режим работы: с 9:00 до 22:00;;АТАК
Москва;Москва, Ул. Бутлерова д. 3АРежим работы: с 9:00 до 22:00;;Режим работы: с 9:00 до 22:00;;АТАК
Москва;БабушкинскаяУл. Староватутинский проезд, д. 12 стр. 1Режим работы: с 9:00 до 22:00;;Режим работы: с 9:00 до 22:00;;АТАК
Москва;г. Москва, ул. Красная Сосна, д. 2АРежим работы: с 9:00 до 22:00;;Режим работы: с 9:00 до 22:00;;АТАК
Москва;Университет, Профсоюзнаяг. Москва, ул. Вавилова, д.72/13Режим работы: с 8:00 до 23:00;;Режим работы: с 8:00 до 23:00;;АТАК
Москва;ул. Малая Юшуньская дом 1, стр. 1;;Режим работы: с 9:00 до 22:00; +7 (495) 643 12 67;АТАК
Москва;ул. Адмирала Макарова, д.6, стр. 13.;;Режим работы: с 8:00 до 22:00; +7 (495) 539 75 54;АТАК
Москва;ул. Широкая д.29;;Режим работы: с 9:00 до 22:00; +7 (495) 739 76 93;АТАК
Москва;Задонский проезд д. 20;;Режим работы: с 9:00 до 22:00; +7 (495) 657 99 84;АТАК
Москва;Б. Семеновская д. 42;;Режим работы: с 9:00 до 22:00; +7 (499) 553 80 43;АТАК
Москва;ул. Ивантеевская, д.25А;;Режим работы: с 9:00 до 22:00; +7 (499) 657 98 18;АТАК
Москва;ул. Толбухина, д.13, к.3;;Режим работы: с 9:00 до 22:00; +7 (499) 657 98 60;АТАК
Москва;ул.Большая Черкизовская, 125, стр.2.;;Режим работы: с 9:00 до 22:00; +7 (499) 657 99 01;АТАК
Москва;ул. Лётчика Бабушкина д.15;;Режим работы: с 9:00 до 22:00; +7 (499) 657 99 32;АТАК
Москва;Денисовский пер., д. 30, стр. 1;;Режим работы: с 9:00 до 22:00; +7 (499) 685 13 81;АТАК
Москва;ул. Тушинская, 16Режим работы: с 9:00 до 22:00;;Режим работы: с 9:00 до 22:00;;АТАК
Москва;Гурьевский проезд 19/1;;Режим работы: с 9:00 до 22:00; +7 (499) 685 12 51;АТАК
Москва;ул. Гурьянова, 61;;Режим работы: с 9:00 до 22:00; +7 (495) 353 36 65;АТАК
Москва;Большой Овчинниковский пер., 16;;Режим работы: с 10:00 до 22:00; +7 (495) 514 13 76;АТАК
Москва;ул. Авангардная, д. 3;;Режим работы: с 9:00 до 22:00; +7 (495) 645 61 12;АТАК
Москва;ул. Снежная, д. 16, 1;;Режим работы: с 9:00 до 22:00; +7 (495) 660 96 06;АТАК
Москва;Бибиревская ул., 9;;Режим работы: с 9:00 до 22:00; +7 (499) 553 80 25;АТАК
Москва;ул. Красный Казанец д.1Б;;Режим работы: с 9:00 до 22:00; +7 (499) 373 51 28 ;АТАК
Москва;ул.Ангарская,д 13;;Режим работы: с 9:00 до 22:00; +7 (495) 725 37 17;АТАК
Москва;Каширское шоссе, д. 96,корп. 2;;Режим работы: с 9:00 до 22:00; +7 (495) 391 40 56;АТАК
Москва;Митино, ул.Дубравная 38;;Режим работы: с 9:00 до 22:00; +7 (495) 544 03 38 ;АТАК
Москва;м. Юго-западнаяул. Ак. Анохина, д.9а;;Режим работы: с 9:00 до 22:00; +7 (499) 730 35 76;АТАК
Москва;м. Речной вокзалЛенинградское ш., д.132а;;Режим работы: с 9:00 до 22:00; +7 (495) 459 86 17;АТАК
Москва;м. Пионерскаяул. Кастанаевская, д. 54, корп. 3;;Режим работы: с 9:00 до 22:00; +7 (495) 142 86 61;АТАК
Москва;район Марьино, Мячковский бульвар 16;;Режим работы: с 9:00 до 22:00; +7 (495) 658 60 48;АТАК
Москва;район Ново-Переделкино, Боровское шоссе, 27;;Режим работы: с 9:00 до 22:00; +7 (495) 731 38 36;АТАК
Москва;м. Медведково МКАД 87 км.;;Режим работы: с 9:00 до 22:00; +7 (495) 580 22 13;АТАК
Москва;м. Бабушкинскаяул.Печорская, 3;;Режим работы: с 8:00 до 22:00; +7 (499) 685 14 06;АТАК
Москва;район Братеево, ул.Ключевая, 16/29;;Режим работы: с 9:00 до 22:00; +7 (495) 342 77 10;АТАК
Малоярославец;г. Малоярославец, Ул. Кирова д. 1Режим работы: с 9:00 до 22:00;;Режим работы: с 9:00 до 22:00;;АТАК
Люберцы;г. Люберцы, ул. Воинов - Интернационалистов, 3.;;Режим работы: с 9:00 до 22:00; +7 (499)  685 13 66;АТАК
Люберцы;г. Люберцы, ул. Инициативная д.3В;;Режим работы: с 9:00 до 22:00; +7 (495) 554 13 76;АТАК
Люберцы;г. Люберцы, ул. Инициативная, 76;;Режим работы: с 9:00 до 22:00; +7 (495) 638 56 76;АТАК
Лыткарино;г. Лыткарино, ул спортивная, 22;;Режим работы: с 9:00 до 22:00; +7 (495) 662 79 25;АТАК
Лобня;г. Лобня, ул.Маяковского д.10, Режим работы: с 9:00 до 22:00;;Режим работы: с 9:00 до 22:00;;АТАК
Лобня;г. Лобня, ул. Ленина д23, корп 12/13;;Режим работы: с 9:00 до 22:00; +7 (495) 577 13 14;АТАК
Кстово;г. Кстово, микрорайон 2, дом 13;;Режим работы: с 9:00 до 22:00; +7 (831) 261 01 93;АТАК
Красногорск;г. Красногорск, ул. Братьев Горожанкиных, 23а;;Режим работы: с 9:00 до 22:00; +7 (495) 505 70 45;АТАК
Королёв;г. Королёв, ул. Фрунзе д. 4;;Режим работы: с 9:00 до 22:00; +7 (499) 657 97 39;АТАК
Королёв;"""Золотые ворота"", ул. Ленина д.25, ";;Режим работы: с 9:00 до 22:00; +7 (495) 663 97 61 ;АТАК
Королёв;г. Королёв, Болшево, Пушкинская ул., 17;;Режим работы: с 9:00 до 22:00;  +7 (499) 685 11 46;АТАК
Коломна;г. Коломна, ул. Октябрьской революции, дом 379;;Режим работы: с 8:00 до 22:00; +7 (495) 643 12 47;АТАК
Коломна;г. Коломна, площадь Советская, д 7;;Режим работы: с 9:00 до 22:00; +7 (499) 657 98 54;АТАК
Коломна;г. Коломна, ул. Спирина д.1 А;;Режим работы: с 9:00 до 22:00; +7 (499) 657 99 74;АТАК
Ковров;г. Ковров, ул. Грибоедова 3.;;Режим работы: с 9:00 до 22:00; +7 (4922) 22 20 61;АТАК
Ковров;г. Ковров, ул. Ватутина, 59;;Режим работы: с 9:00 до 22:00; +7 (4923) 22 70 14;АТАК
Клин;г. Клин, ул. Маяковского д. 10Режим работы: с 9:00 до 22:00;;Режим работы: с 9:00 до 22:00;;АТАК
Клин;г. Клин, ул. Чайковского, д. 62А;;Режим работы: с 9:00 до 22:00; +7 (499) 657 97 07;АТАК
Клин;г. Клин, ул. Гагарина стр. 31/36;;Режим работы: с 9:00 до 22:00; +7 (499) 685 01 07;АТАК
Клин;г. Клин, ул. Карла Маркса, 2А;;Режим работы: с 9:00 до 22:00; +7 (496) 249 99 34;АТАК
Кимры;Тверская обл., г. Кимры, Ул. Урицкого 64Режим работы: с 9:00 до 22:00;;Режим работы: с 9:00 до 22:00;;АТАК
Калуга;г. Калуга ул. Вишневского, д. 14аРежим работы: с 09:00 до 22:00;;Режим работы: с 09:00 до 22:00;;АТАК
Калуга;г. Калуга, Грабцевский проезд, дом 47;;Режим работы: с 9:00 до 22:00; +7 (484)221 24 26;АТАК
Калуга;г. Калуга, ул. Маршала Жукова д.2;;Режим работы: с 9:00 до 22:00; +7 (4842) 21 24 36;АТАК
Калуга;г. Калуга, ул. Гагарина д. 1;;Режим работы: с 9:00 до 22:00; +7 (4842) 21 20 62;АТАК
Казань;г. Казань, ул. Оренбургский тракт, 158Режим работы: с 9:00 до 22:00;;Режим работы: с 9:00 до 22:00;;АТАК
Казань;Казань, ул. Комиссара Габишева 36Режим работы: с 9:00 до 22:00;;Режим работы: с 9:00 до 22:00;;АТАК
Казань;г. Казань, ул. Сабан, д. 7АРежим работы: с 9:00 до 22:00;;Режим работы: с 9:00 до 22:00;;АТАК
Казань;г. Казань, ул. Бурхана Шахиди, д. 17Режим работы: с 9:00 до 22:00;;Режим работы: с 9:00 до 22:00;;АТАК
Истра;г. Истра, пл. Революции, 6;;Режим работы: с 9:00 до 22:00; +7 (499) 685 19 71;АТАК
Ивантеевка;Московская обл., г. Ивантеевка, ул. Дзержинского 21/2Режим работы: с 9:00 до 22:00;;Режим работы: с 9:00 до 22:00;;АТАК
Зеленоград;"ТЦ Анюта: Зеленоград, Яблоневая аллея, д. 313 ""б""";;Режим работы: с 9:00 до 22:00; +7 (499) 685 13 42;АТАК
Зеленоград;г. Зеленоград, корпус 234 А;;Режим работы: с 9:00 до 22:00; +7 (495) 638 54 67;АТАК
Зеленоград;124681 г.Зеленоград, Мкр.18 ,пр-д 648 корп.1801 ;;Режим работы: с 9:00 до 22:00; +7 (499) 729 20 40 ;АТАК
Звенигород;Московская обл., г. Звенигород, Нахабинское шоссе, 15Режим работы: с 9:00 до 22:00;;Режим работы: с 9:00 до 22:00;;АТАК
Жуковский;г. Жуковский, Набережная Циолковского д.3;;Режим работы: с 9:00 до 22:00; +7 (499) 657 99 36;АТАК
Железнодорожный;мкр-н Павлино, д. 1АРежим работы: с 9:00 до 22:00;;Режим работы: с 9:00 до 22:00;;АТАК
Железнодорожный;г. Железнодорожный, ул. Граничная, д. 22, к. 2;;Режим работы: с 9:00 до 22:00; +7 (499) 685 13 71;АТАК
Егорьевск;г. Егорьевск, проспект Ленина 6а;;Режим работы: с 9:00 до 22:00; +7 (499) 657 99 85;АТАК
Егорьевск;г. Егорьевск, 6-МКРН, д. 29;;Режим работы: с 9:00 до 22:00; +7 (499) 685 01 93;АТАК
Дубна;г. Дубна, ул Макаренко, 36;;Режим работы: с 9:00 до 22:00; +7 (495) 663 97 54;АТАК
Дубна;г. Дубна, пр-т Боголюбова, 14;;Режим работы: с 9:00 до 22:00; +7 (495) 638 50 39;АТАК
Домодедово;г. Домодедово, ул. Советская д. 17;;Режим работы: с 9:00 до 22:00; +7 (499) 657 99 81;АТАК
Домодедово;г. Домодедово, проспект Академика Туполева, 2;;Режим работы: с 9:00 до 22:00; +7 (499) 685 12 64;АТАК
Дмитров;г. Дмитров, ул. Профессиональная, 5В;;Режим работы: с 9:00 до 22:00;  +7 (496) 224 58 13;АТАК
Дзержинск;Нижегородская обл., г. Дзержинск, ул. Гайдара, 61Режим работы: с 9:00 до 22:00;;Режим работы: с 9:00 до 22:00;;АТАК
Вязники;г. Вязники, улица Ленина, дом 45;;Режим работы: с 9:00 до 22:00; +7 (492 )222 20 36;АТАК
Выкса;Нижегородская обл., г. Выкса, ул Ленина д. 17Режим работы: с 9:00 до 22:00;;Режим работы: с 9:00 до 22:00;;АТАК
Воскресенск;г. Воскресенск,ул. Кагана, 17;;Режим работы: с 9:00 до 22:00; +7 (496) 441 64 37;АТАК
Владимир;г. Петушки, ул. 3 Интернационала, 6-8;;Режим работы: с 9:00 до 22:00; +7 (492) 222 20 34;АТАК
Владимир;г. Владимир, ул. Верх. Дуброва, 36А;;Режим работы: с 9:00 до 22:00; +7 (4922) 54 36 65;АТАК
Владимир;г. Владимир, ул Дворянская, д. 10;;Режим работы: с 9:00 до 22:00; +7 (4922) 45 19 18;АТАК
Видное;Жуковские проезд, д. 3аРежим работы: с 9:00 до 22:00;;Режим работы: с 9:00 до 22:00;;АТАК
Богородск;Нижегородская обл., г. Богородск, ул. Ленина д.123Режим работы: с 9:00 до 22:00;;Режим работы: с 9:00 до 22:00;;АТАК
Балашиха;г. Балашиха, Шоссе Энтузиастов, 9Режим работы: с 9:00 до 22:00;;Режим работы: с 9:00 до 22:00;;АТАК
Балашиха;Балашиха, Балашихинское шоссе, д.10/12;;Режим работы: с 9:00 до 22:00; +7 (495) 739 74 92;АТАК
Балашиха;г. Балашиха, мкр. Авиаторов, Третьяка, 8;;Режим работы: с 9:00 до 22:00; +7 (499) 657 95 66;АТАК
Балашиха;г. Балашиха, ул. Свердлова, 30;;Режим работы: с 9:00 до 22:00; +7 (495) 730 59 43;АТАК
Балашиха;г. Балашиха, Шоссе Энтузиастов, 54А;;Режим работы: с 9:00 до 22:00; +7 (498) 720 70 88;АТАК
Александров;г. Александров, Ул. Вокзальная 15Режим работы: с 9:00 до 22:00;;Режим работы: с 9:00 до 22:00;;АТАК
Александров;г. Александров, ул. Институтская 1;;Режим работы: с 9:00 до 22:00; +7 (4922) 22 20 51;АТАК
