г. Москва улица Щербаковская;д.7А ;"м.Семеновская, выход из метро налево, (ориентир магазин ""Перекресток"")";Режим работы: с 10-00 до 21-00 ;Телефон: 8(499)745-00-63,64;Дочкисыночки;
г. Москва;" Алтуфьевское ш., д. 70, к. 1, ТЦ ""Маркос Молл"", цокольный этаж";"метро Алтуфьево
Выход в город на Алтуфьевское шоссе
Пешком 120 м до остановки метро ""Алтуфьево""
Автобусы 98,259
Маршрутки 571м,373м,1005,Отрадное-Зельгрос,359м
Троллейбус 73
Проехать 3 остановки до ""Костромская улица""
Перейти дорогу (пешком 270 м) до ТЦ ""Маркос Молл""
Открыт отдел ""Женские штучки!""";Режим работы: 10:00-22:00;Телефон: 8 (495) 543-73-18, 8 (495) 543-73-19;Дочкисыночки;
г. Москва;" Ангелов переулок, д.1, к. 1, ТЦ ""КУБ"",2-3 этаж";"М. Пятницкое шоссе,последний вагон из центра, выход на ул.Митинская, на противоположную сторону,по правую сторону ТЦ ""КУБ""
";Режим работы: 10:00-21:00;Телефон: 8 (495) 752-96-09, 8 (495) 752-87-36;Дочкисыночки;
г. Москва; Ленинский пр-т, д. 99;"М. Калужская, 1-ый вагон из центра. Повернуть направо, затем налево: 
а) общественный транспорт: пройти вперёд до пересечения с ул. Обручева, повернуть направо (до автобусных остановок) авт. №163 до остановки ""ул. Новаторов"". 
б) Маршрутное такси: около выхода из метро №163 до остановки ""ул. Новаторов"" (конечная).

М. Проспект Вернадского  1-ый вагон из центра. Налево (до конца), ещё раз налево. Дойти до светофора и повернуть направо (до автобусных остановок): 
а) автобус №246 (или маршрутное такси №246м) до остановки ""ул. Удальцова"". По подземному переходу перейти на противоположную сторону. 
б) Автобус №661 (или маршрутное такси №300м) до остановки ""ул. Новаторов"".
";Режим работы: 10:00-22:00;Телефон: 8 (495) 935-13-90;Дочкисыночки;
г. Москва; Мячковский бульвар, д.10;м.Братиславская 1й вагон из центра. Выход из стеклянных дверей направо. 2 мин. прямо по тратуару. Отдельно стоящее здание перед входом в парк.;Режим работы: 10:00-21:00;Телефон: 8 (495) 345-49-38;Дочкисыночки;
г. Москва; Пролетарский проспект, дом 19/1;"м. Кантемировская, последний вагон из центра 10мин. пешком от метро
Открыт отдел ""Женские штучки!""";Режим работы: 10:00 - 21:00;Телефон: 8-499-320-28-11;Дочкисыночки;
г. Москва; Самаркандский бульвар, д. 26, к. 2;"От метро Выхино: 
автобус №209 до остановки ""Школа им. Балакирева"", дальше пешком по Самаркандскому б-ру 7-10 минут. 
Маршрутное такси № 610м до магазина ""Дочки Сыночки"".
 
От метро Кузьминки: 
маршрутное такси № 337м до остановки ""Школа"", дальше через школьный двор 5 минут пешком до магазина. 

От метро Рязанский проспект, в сторону области:
троллейбус № 63 до остановки ""Школа им. Балакирева"", дальше пешком 7-10 минут. 
Маршрутное такси № 351м до магазина ""Дочки Сыночки"".                                           автобус № 143 до остановки ""Школа"", дальше пешком через школьный двор 5 минут до магазина.
";Режим работы: 10:00-21:00;Телефон: (495) 376-00-04, (495) 376-90-11;Дочкисыночки;
г. Москва; ул. 7-я Кожуховская, д. 9, 3 этаж ;"Станции метро: Автозаводская, Коломенская, Пролетарская, Кожуховская, Дубровка бесплатная маршрутка до ТЦ «Мозайка». От МЦК ст. Дубровка, переход в ТЦ ""Мозайка"". На машине заезд со стороны ТТК
Открыт отдел ""Женские штучки!""";Режим работы: 10:00-22:00;Телефон: 8 (499) 272-07-40, 8 (499) 272-07-41;Дочкисыночки;
г. Москва; ул. Бирюлевская, д. 51, корп. 1, этаж 3;"ст.м.Царицыно, маршрутное такси 620 до остановки ""Перекресток"", ТЦ ""W"".
";Режим работы: 10:00 - 21:00;Телефон: 8 (495) 123-51-49/50;Дочкисыночки;
г. Москва; ул. Вавилова, д. 3, этаж 2;ст.м.Ленинский пр-т;Режим работы: 09:00-22:00;Телефон: 8 (495) 232-41-87;Дочкисыночки;
г. Москва; ул. Вильнюсская, д. 5;"ст. метро Ясенево , выход из метро на улицу Тарусская,  5 минут пешком   (ориентир магазин ""Пятерочка"")
ст. метро Теплый стан,  последний вагон из центра. Автобус  264 - остановка ""Вильнюсская 8"". Троллейбус 72  остановка ""Вильнюсская 3"" (ориентир магазин ""Пятерочка"")
Открыт отдел ""Женские штучки!""";Режим работы: 10:00-21:00;Телефон: 8 (499) 643-21-82/83;Дочкисыночки;
г. Москва; ул. Зеленый проспект, д. 62А;"Ст. метро Новогиреевская, выход из метро направо, (ориентир ТЦ ""Шангал"")";Режим работы: 10:00-22:00;Телефон: 8 (495) 539-55-12;Дочкисыночки;
г. Москва; ул. Кастанаевская, д. 54, корп. 3, м.Пионерская;"г. Москва м. Пионерская, около метро стоит Торговый центр ""Давыдково"". Мы на 1 этаже.";Режим работы: 10:00-21:00;Телефон: 8 (499) 142-86-70, 8 (499) 142-86-65, 8 (499) 142-86-66 ;Дочкисыночки;
г. Москва;" ул. Лобненская, д. 4а , ТЦ ""ЗигЗаг""";"М. Петровско-Разумовская, автобус и маршрутное такси № 206, остановка ""Стадион"".

М. Алтуфьево, 1-й вагон из центра, поворот налево.
Автобусы: 92, 774.
Маршрутные такси: 92, 774, 152, 571, 79. 
Остановка ""Кинотеарт Волга"".
Открыт отдел ""Женские штучки!""
";Режим работы: 10:00-21:00;Телефон: 8 (499) 553-81-37;Дочкисыночки;
г. Москва; ул. Люблинская, д.153, 3 этаж;Ст. метро Братиславская, 1й вагон из центра, выход из метро направо, далее прямо 10 мин пешком. ;Режим работы: 10:00-21:00;Телефон: 8 (499) 951-79-95;Дочкисыночки;
г. Москва; ул. Народного Ополчения д.21, корп.1,1 этаж;"Ст. метро Октябрьское Поле, автобусы 800, 691. Троллейбусы 61, 59 до остановки ""Магазин Детские товары"".
Ст. метро Полежаевская троллейбусы 20, 35,65,39 до  остановки ""ул.Народного Ополчения"".
Открыт отдел ""Женские штучки!""";Режим работы: 10:00-22:00;Телефон: 8 (499) 192-77-78;Дочкисыночки;
г. Москва;" ул. Новогиреевская д.11/36, ТЦ ""Новогиреевский"", 2 этаж";"М. Новогиреево: 
троллейбус №77 до ост. ""Детский универмаг"", далее пешком 10 минут.

М. Перово:
выход на 3-ю Владимирскую ул. далее пешком 15 минут. 
";Режим работы: 10:00-21:00;Телефон: 8 (499) 759-30-16/17;Дочкисыночки;
г. Москва;" ул. Новокуркинское шоссе, д. 1 , ТЦ ""Парус"", 2й этаж";"ст. метро Планерная,1й вагон из центра, автобус 268 до ост.""Больница"", (ориентир ТЦ ""Парус"") пешком 500м.
ст. метро Планерная последний вагон из центра, маршрутные такси 268,68,189,596,980 до остановки ТЦ""Парус"". 
Ст. метро ""Речной вокзал"" - маршрутные такси: 662,182, автобусы: 343,443 до остановки ""Лавочкина"", далее пешком 5-8 мин. в сторону ЦР больницы.";Режим работы: 10:00-22:00;Телефон: 8 (495) 230-01-90(91);Дочкисыночки;
г. Москва;" ул. Ореховый бульвар, 22 А, ТЦ ""Облака"", 3 этаж";"м.Домодедовская, выход из 1-го вагона из центра, 7 мин.пешком, м.Зябликово, выход - последний вагон из центра, 7 мин.пешком
Открыт отдел ""Женские штучки!""";Режим работы: 10:00-22:00;Телефон: 8 (499) 272-44-07, 8 (499) 272-44-08;Дочкисыночки;
г. Москва; ул. Профсоюзная, д. 152, кор.2 ;от ст.метро Теплый Стан: последний вагон из центра по переходу до конца, направо вверх по лестнице, пройти 50 метров и повернуть налево. Ориентир - кинотеатр «Аврора». С правой стороны будет здание - магазин «Дочки-Сыночки».;Режим работы: 9:00-21:00;Телефон: (495) 338-48-25;Дочкисыночки;
г. Москва;" ул. Профсоюзная, д.109, ТЦ ""Виктория""";"М. Коньково, последний вагон из центра,выход на улицу направо,
ТЦ ""Виктория"".
Открыт отдел ""Женские штучки!""";Режим работы: 10:00-21:00;Телефон: 8 (495) 429-97-77;Дочкисыночки;
г. Москва;" ул. Раменки, д. 3,ТЦ ""Перекресток"", 1 этаж";"от м. Проспект Вернадского Маршрутное такси №300, 494 остановка Перекресток ( Раменки )
Открыт отдел ""Женские штучки!""";Режим работы: 10:00-21:00;Телефон: (495)780-01-45/46;Дочкисыночки;
г. Москва; ул. Свободы, д. 61, к. 1;Станция метро Сходненская - первый вагон из центра.Магазин находится в пешей доступности от метро.;Режим работы: 10:00-21:00;Телефон: (499) 497-93-94, (499) 492-64-11;Дочкисыночки;
г. Москва; ул. Староватутинский проезд, д.14, ТЦ «Клен», 5 этаж;"м.Бабушкинская, пересечение Енисейской улицы со Староватутинским проездом. На этом перекрестке ТЦ"" Клен""
Открыт отдел ""Женские штучки!""";Режим работы: 10:00-22:00;Телефон: 8 (499) 948-28-02/03 ;Дочкисыночки;
г. Москва; ул. Туристская д.15, 1 этаж и цокольный;от ст.м.Сходненская и ст.м. Планерная;Режим работы: 10:00-21:00 ;Телефон: 8(499)968-94-42/43;Дочкисыночки;
г. Москва;" ул. Уральская, д. 25, ТЦ ""Радонеж"", 2 этаж";"М. Щелковская, 1й вагон из центра, выход к Автовокзалу. Автобусы: 257, 223. Троллейбус: 23 до остановки ""Уральская,25""";Режим работы: с 10:00 до 21:00;Телефон: 8 (495) 460-83-91;Дочкисыночки;
г. Москва; ул.Первомайская, д.106, этаж 2;от ст.метро Первомайская 5-7 мин.пешком по ул.Первомайская;Режим работы: 10:00 - 21:00;Телефон: 8(495)465-11-06;Дочкисыночки;
г. Москва;" Ходынский бульвар, д.4, ТЦ ""Авиапарк"", 4й этаж.";"от метро Динамо и Полежаевская  бесплатные автобусы до ТЦ ""Авиапарк"" ";Режим работы: вс-чт 10:00-22:00, пт-сб 10:00-23:00;Телефон: 8 (499) 429-01-59;Дочкисыночки;
г. Москва; Юрловский проезд, д. 13;"М. Отрадное:
автобусы: 71, 98, 124, 603, 605, 880. 
Маршрутные такси: 88, 605 до остановки ""Северный бульвар"". 

От станции ""Лосиноостровская"": 
автобусы: 71, 124, 880. Маршрутное такси № 88 до ост. ""Северный бульвар"".
";Режим работы: 10:00-21:00;Телефон: (499) 203-54-45/54 , (499) 203-32-72;Дочкисыночки;
г. Ставрополь;" ул. Тухачевского, д. 14/2, ТРЦ ""Москва"",2 этаж";"Из центра: автобус №№ 32А,46,48; маршрутные такси №№: 3,21,29,32,33,45,46,
Из Северо-Западного р-на: автобус №20, маршрутные такси №№:2,12,35
От автовокзала (центр) маршрутное такси 33 в сторону Юго-Запада
От автостации Юго-Запад : автобус №20, маршрутное такси № 21,35 в сторону Юго-запада
От Автостанции Северо-Запад: маршрутное такси № 2,35 в сторону Юго-запада
От рынков Нижний и Верхний:маршрутное такси № 29,3 в сторону Юго-Запада
Это все маршруты, которые идут непосредственно к ТЦ Москва (остановка рынок Тухачевский). Но транспорта намного больше.";Режим работы: 10:00-22:00;Телефон: (8652) 23-07-25/26;Дочкисыночки;
г.Москва; ул.Волгоградский проспект, д.125, ТЦ Мираж, этаж 3;ст.м.Кузьминки, ТЦ Мираж, этаж 3;Режим работы: 10:00 - 21:00;Телефон: 8(495)780-39-96;Дочкисыночки;
г.Москва; ул.Керченская, д.8;"от ст.метро Каховская  60 и 72 троллейбусы, 826 и 57 автобусы, 457 маршрутное такси до остановки Керченская улица. Далее пройти 200 метров. Мы напротив магазина ""Пятерочка""";Режим работы: 10:00 - 21:00;Телефон: 8-499-122-93-11;Дочкисыночки;
г. Архангельск;" ул. Гайдара, д. 52, ТРЦ ""Сафари"", 3 эт.";"Автобусные маршруты: 54, 11, 6 до остановки магазин ""Диета"". Автобусные маршруты: 5Э, 75, 65 до остановки ""ул.Гайдара""";Режим работы: 10:00-21:00;Телефон: 8 (8182) 63-60-21, 8 (8182) 63-60-22;Дочкисыночки;
"г. Астрахань ул. Минусинская д.8 ТРЦ "" Три Кота""";;"г. Астрахань ул. Минусинская д. 8 ТРЦ ""Три Кота""
Маршрутное такси № 30; 43; 45;47 ост. ТРЦ ""ТриКота""
Одноэтажное здание";Режим работы: 9:00-21:00;Телефон: 8 (8512) 207-200, 8 (8512) 207-201;Дочкисыночки;
г. Астрахань; ул. Звездная, д.17;"Микрорайон ""Юго-Восток-2"" 
Маршрутное такси: № 73, 69, 55, 25.
Автобус: № 25. 
Троллейбус: № 2.  
Остановка по требованию «ТЦ Звездный»/магазин «Дочки и сыночки».   
Маршрутное такси: № 9, 27, 21, 7, 35.  
Остановка ""Пр-д Воробьева"" или ""ТРЦ 'Гранд Ривер'"", пешком 2 -3 мин.
Открыт отдел ""Женские штучки!""";Режим работы: 09:00-21:00;Телефон: 8 (8512) 49-53-00, 8 (8512) 49-53-03;Дочкисыночки;
г. Балашиха;" ул. Советская, д. 10а, ТЦ ""Пирамида""";"От ст. метро Новогиреево
маршрутное такси 110 до ост. ""Площадь Славы"" , далее пешком 300 м., ориентир кинотеатр ""Люксор"".
Маршрутные такси 193,108. до остановки ""ул. Крупской"", далее 100 м. пешком вдоль торговых рядов, павильоны 7,8.
От ст. метро Щелковская
маршрутные такси 338,396 до остановки ""ул. Крупской"",  ориентир магазин ""Магнит"", далее 100 м. пешком вдоль торговых рядов, павильон 7,8.
";Режим работы: 10:00-21:00;Телефон: 8 (495) 660-23-74;Дочкисыночки;
г. Барнаул;" ул. Георгия Исакова, 260, ТЦ ""БУМ"", 2 этаж";"ост. Восьмая детская поликлинника (район Докучаево) Марш.такси: 27,45,46,144,51,80  Автобусы: 53,60,137,149  Трамвай: 8,9,10,2  ТЦ ""БУМ"" (Холлидей на Докучаево), центральный вход, второй этаж.";Режим работы: 10:00-21:00;Телефон: 8 (3852) 20-22-25;Дочкисыночки;
г. Белгород;" п. Дубовое, ул. Щорса, д. 64, МТРК ""Сити Молл""";Маршрутные такси: 111,111с,145,120,43;Режим работы: с 10:00 до 22:00;Телефон: 8 (4722)28-91-50/28-76-24;Дочкисыночки;
г. Благовещенск; ул. 50 лет Октября, д. 42/1, 3 этаж ;"ост. ""Автовокзал"", маршруты № 36,44,9,4,12,25,39,30,33,2К,31,24, ТЦ ""Ледяной""";Режим работы: 10:00-20:00;Телефон: 8 (4162) 77-15-61, 8 (4162) 77-15-62;Дочкисыночки;
г. Владимир;" ул. Тракторная, д. 45 ТК ""Мегаторг""";;Режим работы: 10-00:22-00;Телефон: 8 (4922) 472-178, 8 (4922) 472-181;Дочкисыночки;
г. Волгоград;" ул. Рабоче-Крестьянская д. 9 ТК"" Киндер Молл "", цокольный этаж";"На скоростном трамвае «СТ2». Станция «Профсоюзная» находится в непосредственной близости от торгового комплекса.
Также можно добраться другим наземным транспортом, идущим по Рабоче-Крестьянской улице до остановки «Торговый центр».";Режим работы: 10:00-21:00;Телефон: 8 (8442) 78-13-21, 8 (8442) 78-13-22;Дочкисыночки;
г. Волжский;" бульвар Профсоюзов, д.1Б, ТРК ""ПЛАНЕТАЛЕТО""";"Маршрутные такси:5, 5а, 6, 6а, 24, 24а, 11, 3,17, 160, 123, 105а, 1. 
Автобусы: 1, 24 до остановки ""ТРК Планеталето"". ";Режим работы: с 10:00 до 21:00;Телефон: 8(8443) 21-07-78/79;Дочкисыночки;
г. Воронеж;" бульвар Победы, д. 23 б, ТЦ ""Арена"", 3 этаж ";"Автобус №: 1К, 42, 71, 75А, 7А, 5А, 15, 27, 37, 37А, 40, 41, 54, 59А остановка ""Гипермаркет Линия"".
Автобус №: 29, 3В, 47, 58В, 59А, 79, 90, 108, 125 остановка ""Институт искусств"".
";Режим работы: 10:00 - 22:00;Телефон: (7473)257-41-11, (7473)257-41-00;Дочкисыночки;
г. Воронеж; Ленинский проспект, д.174П, 3 этаж;"Маршрутные такси: 10А,11,88, 47, 79,52, 91,122, 90 до остановки ТЦ ""Максимир"".
";Режим работы: с 10:00 до 22:00;Телефон: 8 (473) 262-98-53/63;Дочкисыночки;
г. Дубна; пр-т Боголюбова, д.14, 3 этаж;"Автобусы: 2,5,6,7,11,110. Маршрутные такси: 12,9 до остановки "" ТЦ Перекресток""";Режим работы: 9:00-21:00;Телефон: 8 (499) 579-88-50/45;Дочкисыночки;
г. Екатеринбург; ул. Блюхера, д. 39, 3 этаж;"Трамвай: А,4,16,18,20,22,23,26,32. Автобус: 28,60. Маршрутное такси 034 до остановки ""Блюхера"", ТЦ ""АИДА"".";Режим работы: 10:00-22:00;Телефон: 8 (343) 385-09-53, 8 (343) 385-09-54;Дочкисыночки;
г. Екатеринбург;" ул. Ясная, д.2, ТЦ ""ФанФан"", 3 этаж. ";"На автобусе маршрут 18, маршрутном такси 022 - выйти на остановке ""Дворец Спорта"", пройти налево два пешеходных перехода. На трамвае 32,33 - выйти на остановке ""Дворец Спорта"", пройти также налево, но 3 пешеходных перехода. Также можно не доезжая на трамвае до остановки ""Дворец Спорта"", выйти на остановке "" Посадская"" , пройти налево до улицы Большакова, повернуть направо, пройти 2 пешеходных перехода. На автобусе 18, маршрутном такси 022 и 041 - выйти на остановке ""ТРЦ Фан-Фан"", пройти налево два пешеходных перехода.
";Режим работы: 10:00-22:00;Телефон: 8 (343) 344-01-99, 8 (343) 344-01-88 ;Дочкисыночки;
г. Железнодорожный;" ул. Советская, д.9, ТЦ "" Эдельвейс"", 4 этаж";"М.Выхино  1-й вагон из центра, выход на улицу направо, далее перейти по пешеходному переходу на противоположную сторону. Маршрутное такси (желтого цвета) № 100, до конечной остановки ""ст. Железнодорожная"".";Режим работы: 10:00-21:00;Телефон: 8 (495) 983-05-86/95;Дочкисыночки;
г. Иваново; ул. Куконковых, д.141, 1 этаж;"Остановка ""Камвольный комбинат"". Троллейбусы: 10, 6, 2,8.  Автобусы: 100, 40, 120, 110, 14, 131, 116, 23, 10,33. Маршрутные такси: 100, 35, 131, 30, 31,37, 43, 10, 135.";Режим работы: 10:00-22:00;Телефон: 8 (4932) 92-00-66, 8 (4932) 92-00-67;Дочкисыночки;
г. Ижевск;" пер. Широкий, дом 53, ТЦ ""Сигма"", 1 этаж ";Автобус № 19, 26, 28, 39, остановка «Филармония». Троллейбус № 1, 4, 4Д, 7, 7Д, остановка «Филармония». Трамвай № 2, 7, 9, остановка «Международный Университет»пройти 400 метров в сторону Центральной площади . Трамвай № 1, 2, 4, 9, 10 остановка «Переулок Широкий», пройти 450 метров до улицы Пушкинская;Режим работы: 10:00-21:00;Телефон: 8 (3412) 57-28-50;Дочкисыночки;
г. Иркутск;" ул. К. Либкнехта, д. 239 В, ТЦ ""Эльдорадо"", 2 этаж.";"Пересечение улиц Карла Либкнехта и Волжская ТЦ ""Эльдорадо"", ост. трамвая ""Карла Либкнехта"", трамвай: 1, 3, 5, 6. Маршрутное такси: 69к. ост. троллейбуса ""Волжская"", троллейбус: 3, 7, 8, 10. Маршрутные такси: 2, 10, 16, 16с, 16к, 45, 56, 416, 417, 450. Автобусы: 2к, 7, 16, 34, 80, 88, 90. "".";Режим работы:  с 10:00 до 20:00 ;Телефон: 8 (3952) 28-14-71/77;Дочкисыночки;
г. Иркутск; ул. Октябрьской революции д. 1 к.5;"Маршрутное такси: 1, 8, 9, 15, 27, 31, 32, 56, 87, 92 Троллейбус: 3; Автобус: 8, 13, 67; Остановка ""Фортуна"" ";Режим работы:  с 09:00 до 20:00;Телефон: 8 (3952) 265-001/006;Дочкисыночки;
г. Казань; ул. Маршала Чуйкова, д. 23;"Пересечение улиц Мусина и Чуйкова напротив Мечети. Автобусы:18,35,46 до 
остановки ""ул. Чуйкова""
";Режим работы: 10:00-21:00;Телефон: 8 (832) 522-40-01;Дочкисыночки;
г. Казань; ул. Проспект Ибрагимова, д. 56  ТРК „Тандем“ ;"Остановка ТРК ""Тандем"" 
со стороны ул. Ибрагимова.
Автобусы: 6, 15, 22, 29, 35а, 37,47, 98.
Троллейбусы: 7,10.
Станция метро ""Козья слобода"" ТРК ""Тандем"", 2й этаж, галерея ""Эльдорадо"". 
";Режим работы: 10:00-22:00;Телефон: 8 (843) 204-12-50;Дочкисыночки;
г. Казань;" ул. Фучика, д.90, ТРЦ ""FRANT"", 1 этаж";"Автобусы: 5, 18, 19, 30, 31, 33, 34, 45, 46, 62, 63, 68, 77, 83.
Троллейбус: 9, 12, 21.
Остановка ""Чишмяле"".
Торговый центр ""Франт"", первый этаж.";Режим работы: 10:00-22:00;Телефон: 8 (843) 526-16-96, 8 (843) 526-16-98;Дочкисыночки;
г. Калуга;" ул. Гагарина, д. 1, ТЦ ""Атак"", 2 этаж";"Троллейбус: 1, 2, 3, 18 остановка ""Шестая школа"".
Открыт отдел ""Женские штучки!""";Режим работы: 10:00-21:00;Телефон: 8 (4842) 21-22-81;Дочкисыночки;
г. Калуга; ул. Кропоткина, д. 4;"Маршрутное такси:36,12. Троллейбус: 1,2. Автобус №29, Маршрутное такси и троллейбус №3 кольцевой до остановки ""пл.Старый Торг"", далее пешком через сквер до улицы Кропоткина.";Режим работы: 10:00-20:00;Телефон: 8 (4842) 57-45-66;Дочкисыночки;
г. Кемерово; проспект Молодежный, д.2, 2 этаж;"Остановка ""Гостиный двор"" (проспект Молодежный). Автобус: 36, 75 (раб.дни), 91, 91у, 93(раб.дни) Троллейбус: 15, 15у. Маршрутное такси: 2, 3, 4т/14т, 18, 30, 50, 126. Остановка ""Гостиный двор"" (улица Свободы). Автобус: 94. Маршрутное такси: 44, 45т, 47. ТРЦ ""Гринвич"".";Режим работы: с 10:00 до 21:00;Телефон:  8 (3842) 657-031/032;Дочкисыночки;
г. Киров;" ул. Воровского, д. 135, ТЦ ""Глобус"", 1 этаж";"От ж/д и авто вокзалов: 
автобус: 16, 38, 61, 73; 
троллейбус: 7. 
Остановка ""ТРЦ ""Глобус"".

Из центра города: 
автобус: 14, 21, 70, 84; троллейбус: 8.
Остановка ""ТРЦ ""Глобус"".

Из Нововятска: 
автобус 87. 
Остановка ""ТРЦ ""Глобус"".

Из р-на Филейки и ул.Лепсе: 
автобус 74. 
Остановка ""Площадь Конева"".
Открыт отдел ""Женские штучки!""";Режим работы: 10:00-21:00;Телефон: 8 (8332) 62-64-32;Дочкисыночки;
г. Клин;" ул. Советская площадь, д. 5, ТЦ ""Счастливая семья""";"Из Москвы:
электричка с Ленинградского вокзала до остановки ""ст. Клин"", затем на автобусе: 5, 22, 26, 28, 30, 37, 40, 42, 46, 48, 49, до ост. ""Советская площадь"", ТЦ ""Счастливая 7-я"", 1 этаж.

Автобусом №437 от станции метро Речной вокзал до ост. ""М10"" (ориентир супермаркет ""Атак""), затем на перекрёстке рядом с остановкой повернуть направо и пройти пешком 5 мин (400 метров) до ТЦ ""Счастливая 7-я"", 1 этаж.

Из Солнечногорска: 
электричкой со ст. ""Подсолнечная"" до остановки ст. ""Клин"", затем на автобусе: 5 22, 26, 28, 30, 37, 40, 42, 46, 48, 49, до ост. ""Советская площадь"", ТЦ ""Счастливая 7-я"", 1 этаж. 

На автобусе № 437 от ост. ""Свет"" и ""ДК Лепсе"" до ост. ""М10"" (ориентир супермаркет ""Атак""), затем на перекрёстке рядом с остановкой повернуть направо и пройти пешком 5 мин (400 метров) до ТЦ ""Счастливая 7-я"", 1 этаж.

На автобусе № 37 от автовокзала до ост. ""М10"" (ориентир супермаркет ""Атак""), затем на перекрёстке рядом с остановкой повернуть направо и пройти пешком 5 мин (400 метров) до ТЦ ""Счастливая 7-я"", 1 этаж.

Из Высоковска:
автобусы: 23, 32, 25, 33, 34, 36, 38, 43, 50, 51 до вокзала, затем автобусы: 5, 22, 26, 28, 30, 37, 40, 42, 46, 48, 49 до ост. ""Советская площадь"", ТЦ ""Счастливая 7-я"", 1 этаж.

Из Твери, Конаково:
электричкой  до остановки ст. Клин, затем на автобусах  5, 22, 26, 28, 30, 37, 40, 42, 46, 48, 49, до ост. ""Советская площадь"", ТЦ ""Счастливая 7-я"", 1 этаж.";Режим работы: 10:00-22:00;Телефон: (496) 249-49-40\41 ;Дочкисыночки;
г. Коломна;" пл. Восстания, д. 7, ТЦ ""КАДО""";"Автобусы: 3, 5, 6, 11, 14, 15, 17.
Маршрутное такси: 5, 11, 12, 13, 16, 20
Трамвай: 1, 2, 3, 4, 6, 8.
Остановки ""Голутвин"" (конечная, Автовокзал). 

На электричке до станции ""Голутвин""
";Режим работы: 10:00-22:00;Телефон: 8 (496) 623-11-09;Дочкисыночки;
г. Колпино; Бульвар Трудящихся д. 2 лит. А;Автобус 386, маршрутное такси 391 до ост. ТК «ОКА».;Режим работы: 10:00-21:00;Телефон: 8 (812) 244-89-84, 8 (812) 244-89-86;Дочкисыночки;
г. Колпино; ул.Октябрьская, д.8, 1 этаж;"Ст. метро «Ломоносовская» маршрутное такси № 220б.
Ст. метро «Купчино» маршрутное такси № 292.
Ст. метро «Звездная»  маршрутное такси № 296.
Автобусы: 192, 326, 368, 386, 387, маршрутное такси № 391а до г. Колпино остановка ТРК «Ока на Октябрьской».";Режим работы: 10:00-22:00;Телефон: 8 (812) 244-89-07;Дочкисыночки;
г. Королев пр-т Космонавтов 4В;" ТЦ ""Престиж"", 4этаж";"Общественным транспортом:
от ВДНХ 392 автобус до г.Королев пр-т Космонавтов 4В ТЦ ""Престиж"", ориентир магазины СпортМастер, Азбука вкуса.

от Ярославского вокзала электрички направления Монино, Фрязево, Фрязино(с переходом), Щелково, до остановки Болшево(далее маршрут.такси 4,19 в сторону пр-та Космонавтов).
";Режим работы: с 10:00 до 22:00;Телефон: 8(498)500-07-71;Дочкисыночки;
г. Красногорск;" ул. Ленина, д. 2, ТРЦ ""Красный кит"", 4 этаж";"м. Тушино маршрутное такси № 120, автобус 542 до остановки ""Горсовет"" или ТЦ ""Красный кит""(Комсомолец)
Платформа ""Павшино"" маршрутное такси № 2,3; автобус 845.
Платформа "" Красногорская"" маршрутное такси 845,до остановки ""Горсовет"" или ТЦ ""Красный кит""(Комсомолец) 
";Режим работы: 10:00-22:00;"Телефон: 8 (499) 345-14-82; 8 (499) 345-14-83";Дочкисыночки;
г. Краснодар;" ул. Крылатая, д.2, ТРЦ ""OZ Молл"", 2 этаж";"ТРЦ ""Оz Moll"", 2 этаж, напротив Ресторанного Дворика.

От Ж/Д вокзала - трамвай №№4,5, остановка ТЭЦ
Пересадка на маршрутное такси №60,77, конечная остановка";Режим работы: 10:00-22:00;Телефон: 8 (861) 210-33-57;Дочкисыночки;
г. Краснодар; ул.Уральская д.79/2 ТРЦ СБС Мегамолл, 3 этаж;"К нам можно добраться от улицы Ставропольская можно добраться до нас с помощью:                                                                      вы можете с помощью маршрутного такси номер 50,которое привезет вас в ТРЦ Мегамолл
Открыт отдел ""Женские штучки!"" ";Режим работы: 10:00-22:00;Телефон: 8 (861) 210-99-91;Дочкисыночки;
г. Красноярск; ул. Мате Залки, д.5, 2 этаж;"1.Остановка «11й микрорайон» автобусы: 23,53.
2. Остановка «Шумяцкого» автобусы: 6, 53. ТЦ ""Сибирский городок""
";Режим работы: с 10:00 до 21:00;Телефон: 8 (391) 276-89-05;Дочкисыночки;
г. Курск; ул.К.Маркса, д.68 ;Маршрутное такси, троллейбус до СХА, пр-т Победы, ГАИ ;"<span class=""show_dop_info store__addition_info"">Как к нам добраться:</span>";Режим работы: 10:00-22:00;Дочкисыночки;
г. Курск;", ул. Ленина, д. 30, ТРЦ ""Пушкинский""";"Для того,чтобы добраться до нашего магазина,находящегося в ТРЦ ""ПУШКИНСКИЙ"" на Остановке ""Драмтеатр"" Подходит весь транспорт, идущий через Центр.";Режим работы: 10:00-22:00;Телефон: 8 (4712) 734-850, 8 (4712) 734-851;Дочкисыночки;
г. Липецк;" ул. Петра Смородина д. 13А, ТРЦ ""Армада"", 4 этаж 	";"Добраться до нас можно добраться с помощью общественного транспорта,а именно:
 Автобус: 352,359,306,345 до остановки ""20 микрорайон"" . Автобус: 27,351,308 до остановки ""Октябрьский рынок"".
Трамвай № 1 до остановки ""Октябрьский рынок"". 
В ТЦ ""АРМАДА"", 4 этаж.
";Режим работы: 10:00-21:00 ;Телефон: (4742) 24-04-07/01;Дочкисыночки;
г. Люберцы;" Комсомольский пр-т, д.17, к.1, ТЦ ""Айс"", цокольный этаж";"1. От станции метро «Выхино»:  1й вагон из центра, выход налево (по ходу движения из центра), далее маршрутка или автобус №501, до остановки ТЦ «Айс». 
                                                                      2. От ж/д станции Люберцы-1 (Казанское направление):  выход налево (по ходу движения из Москвы), далее маршрутка №14 до остановки ТЦ «Айс».";Режим работы: 10:00-21:00;"Телефон: 8 (498) 720-1719; 8 (498) 505-2510";Дочкисыночки;
г. Мытищи; ул. Юбилейная, д. 38;"1. На электричке из Москвы (Ярославское направление) до ст. Мытищи, выход слева, по ходу движения поезда (к ТЦ ""Красный Кит""), далее маршрутка №11,13 до остановки ""6-ой микрорайон""

2. от ст.м. Медведково на автобусе №170 до конечной остановки.";Режим работы: 10:00-21:00;Телефон: 8 (498) 500-14-88;Дочкисыночки;
г. Мытищи;" Шараповский проезд, д. 2, ТРК ""Красный кит""";"Из Москвы: любые электрички с Ярославского вокзала. До станции ""Мытищи"" - выход в город налево, в 100 метрах от станции красное здание ТЦ "" Красный Кит"", цокольный этаж . 

Из области: до ст. ""Мытищи"", выход в город направо, в 100 метрах от станции  красное здание ТЦ "" Красный Кит"", цокольный этаж.
";Режим работы: 10:00-22:00;Телефон: (499) 271-93-66/67;Дочкисыночки;
г. Набережные челны;" Проспект Мира. д.3 ТЦ ""Торговый квартал""";"Остановка ""Медгородок"", от остановки до ТЦ ""Торговый Квартал"" - 200 м. в  шаговой доступности.
Маршрутное такси: пр-т Мира - 7,21,22,206,213. Пр-т Сююмбике - 10,211,212,307,305,203.";Режим работы: 09:00-22:00;Телефон: 8 (8552) 92-25-00;Дочкисыночки;
г. Нижневартовск; ул. Ленина д.15/П;"Автобусы: 9,6,13,21,3. Маршрутное такси: 32,8,25,26,20,22 до остановки ""Торговый квартал"".";Режим работы: 10:00-22:00;Телефон: 8 (3466) 49-18-98/58;Дочкисыночки;
г. Нижний Новгород; пл.Советская, д.5;"Остановка «пл.Советская» ТЦ ""Жар-Птица""";Режим работы: с 10:00 до 22:00;Телефон: 8 (831)469-03-64/04-74;Дочкисыночки;
г. Нижний Новгород;" ул. Белинского д. 61, ТЦ ""Этажи 2"", 3-й этаж";"Остановка ""Оперный театр"", идти по направлению к ТЦ ""Этажи"" до первого светофора, потом направо. 

Проезд от Московского вокзала: маршрутные такси 71,72, автобусы 61,38 до остановки ""пл.Свободы"".

Проезд со стороны Приокского района: маршрутное такси 17, автобусы 2,62 до остановки ""Оперный театр"", 1 до остановки ""пл.Свобода"".

Проезд со стороны Автозаводского района: маршрутные такси 83,85,60,10,46,198 до остановки ""пл.Свобода"".
";Режим работы: 09:00-21:00;Телефон: (831) 220-79-84;Дочкисыночки;
г. Нижний Новгород; ул. Коминтерна, д.105;"Маршрутные такси: 71,72,59,56,51,78,24,9,90,95 до остановки ""Площадь Алексеева"", ТЦ ""Золотая Миля""";Режим работы: с 10:00 до 22:00;Телефон: 8 (831) 257-84-58/59;Дочкисыночки;
г. Новомосковск;" ул.Березовая, д.7B ТЦ ""Пассаж"",цокольный этаж";"До нас можно добраться с помощью Маршрутного такси автолайн №1 -остановка Берёзовая роща. ТЦ Пассаж, м-н Дочки сыночки, цокольный этаж.
Открыт отдел ""Женские штучки!""";Режим работы: 10:00-21:00;Телефон: 8 (4876) 22-89-36, 8 (4876) 22-89-37 ;Дочкисыночки;
г. Новосибирск;" Площадь Карла Маркса, стр. 7, МФК ""Сансити"",3 этаж";"Метро Площадь Маркса, 1 вагон из центра, выход в сторону ГУМа.
Остановки общественного транспорта: ""ГУМ"", ""Площадь Маркса"".
";Режим работы: 10:00-22:00;Телефон: (383) 362-94-22;Дочкисыночки;
г. Ногинск;" ул.3-го Интернационала, 62, ТД ""Богородский"", цокольный этаж";"с Автовокзала и ЖД вокзала, пешком 5-7 мин (до главной площади города) ТЦ ""Богородский""";Режим работы: 10:00-21:00;Телефон: 8 (495) 723-71-96;Дочкисыночки;
г. Омск;" пр-т Мира, 42, к. 1, ТЦ ""Европа"", 3 этаж";"Добраться до нас можно с помощью общественного транспорта:
Маршрутные такси: 100, 202, 215, 302, 306, 309, 320, 323, 335, 344, 357(257), 361, 365, 369(69), 375, 381, 382, 383, 387, 389, 393, 396, 415, 416, 425, 526, 922, А, В. 
Автобусы 12, 14, 20, 33, 69, 83, 9, 96. Троллейбус: 67. 
Остановка ""КДЦ Кристалл"".
";Режим работы: 10:00-21:00;Телефон: (3812) 35-67-51\52;Дочкисыночки;
г. Омск;" ул. 70 лет Октября, д. 19, ТЦ ""Festival City"", 2 этаж,остановка ""11 микрорайон""";"До нас можно добраться с помощью:
Маршрутные такси: 103, 200, 304, 305, 311, 331, 344, 362, 365, 367, 371, 374, 378, 381, 388, 400, 409, 410, 411, 413к, 415, 418, 420(914), 500, 503, 700, 8, М. Автобусы^ 120 , 21, 24, 28, 3, 44, 61, 64, 78, 8, 84, 85, 9, 94, 99. 
Троллейбусы: 16, 7. 
Остановка ""11-й микрорайон"". ";Режим работы: 10:00-21:00;Телефон: (3812) 92-79-00/09/10;Дочкисыночки;
г. Орел;" ул. Тургенева, д. 40, ТЦ ""Водолей"", 2 этаж";"троллейбус № 3,№ 8,№ 4
маршрутное такси № 44, №33,№ 42 и др.
автобус № 3,№ 11

Весь транспорт, идущий в Советский район - остановка ""Дворец Спорта"". Далее, идем до магазина "" Атолл"", на углу поворачиваем направо, идем 100 метров. Доходим до ТЦ ""Водолей""
 
Если едем со стороны стадиона им. Ленина - остановка ТЦ"" Водолей""";Режим работы: 10:00-21:00;Телефон: 8 (4862) 44-25-82, 8 (4862) 44-25-83;Дочкисыночки;
г. Оренбург;" пр-т Дзержинского, д. 23, ТРЦ ""Север"", 3 этаж";"Автобусы: 17, 28, 32, 33, 38, 39, 41, 44, 49, 51, 59, 61, 67, 45, 52, 63. Троллейбус 6
";Режим работы: с 10:00 до 22:00;Телефон: 8 (3532) 54-10-91;Дочкисыночки;
г. Орехово-Зуево; ул. Флиера, д. 4 ;С автовокзала и ж/д вокзала маршрутное такси №№ 111, 16, 4, 27, 2 остановка по требованию ТЦ Капитолий м-н Ашан.С ж/д Крутое маршрутное такси №8, 75  остановка по требованию ТЦ Капитолий м-н Ашан.;Режим работы: 9:00-22:00;Телефон: (495) 926-16-77, (495) 926-16-78;Дочкисыночки;
г. Орск;" ул. Васнецова, д.16, ТЦ ""Универмаг"", 2 этаж";"Маршрутные такси: 25,55,16,36,35,37,38,26,12,23,101. Трамвай 2,5,3 до остановки  ""Площадь Васнецова"".";Режим работы: 10:00-21:00;Телефон: 8 (3537) 203-115, 8 (3537) 203-135;Дочкисыночки;
г. Павловский Посад;" ул. Большая Покровская, д.35, ТЦ ""Павловский посад""";"Автобус №7 до остановки ""Континент"".";Режим работы: 10:00-21:00;Телефон: 8(496) 439-35-93/439-28-98;Дочкисыночки;
г. Пенза;" пр-т. Строителей, 9, ТЦ ""Олимп""";"До магазина можно доехать на Автобусах: 99, 33, 54, 82С, 30, 82, 18А
Троллейбус: 7, 4
Маршрутное такси: 33, 55, 4, 86, 39, 71, 19К, 80, 63, 6, 30
до остановки ""Колледж управления""";Режим работы: 10:00-21:00;Телефон: (8412) 20-0035, 20-0032;Дочкисыночки;
г. Пермь; ул. Куйбышева д. 37;Автобусы: 1, 3,4,5, 11, 13,19,30,32, 33э, 36,45,59,61,66,67,72,74,77,121,М6, Троллейбусы: 2, 10,12, Маршрутные такси: 2Т, 13,19,21, 125, 27Т до остановки «Стадион Динамо» Далее пешком по ходу движения транспорта 150 метром до перекрестка ул.Куйбышева и ул.Пушкина, потом поворот направо по ул.Куйбышева 300 метров до ТЦ «Алмаз» Автобусы: 3,4, 11, 30,32, 33э, 36,45,59,61, 74,77 Троллейбусы: 2, 10,12 Маршрутные такси: 2Т, 13,21, 27Т до остановки «Куйбышева» (ул.Пушкина) Далее пешком 50 метров до перекрестка ул.Куйбышева и ул.Пушкина, далее повернуть налево пешком по ул.Куйбышева 300 метров до ТЦ «Алмаз» Автобусы: 3, 10, 14, 152, 23э, 41, 60, 68, 7 Троллейбусы: 1, 5 Маршрутные такси: 25т до остановки «Цум» Далее пешком вдоль ул. Ленина до ул. Куйбышева (около 300 м), затем «вверх» по ул. Куйбышева до ТЦ «Алмаз» (280 м). Автобусы: 5, 45, 1, 66, 19, 72, 13, 67, 74, 59 до остановки «Стадион «Динамо»» (ул. Революции) Далее до ул. Куйбышева (120 м), затем «вниз» по ул. Куйбышева до ТЦ «Алмаз» (около 400 м) ;Режим работы: 10:00-21:00;Телефон: 8 (342) 206-81-39, 8 (342) 206-81-29;Дочкисыночки;
г. Пермь;" ул. Светлогорская, д.20а, ТЦ ""Браво""";"До нашего магазина,находившегося в ТЦ ""Браво-2"", 2 этаж,ходят автобусы №№20,8,15,80,64,60 остановка ""СтадионАвангард""";Режим работы: 10:00-22:00;Телефон: 8 (342) 207-87-82, 8 (342) 207-87-83;Дочкисыночки;
г. Пермь; ул. Юрша 84, 2 этаж;"Автобусные маршруты: 1,4,16,18,30т,26т,98,115,75 до остановки ""Подольская"". Садовый микрорайон. ";Режим работы: 10:00-21:00;Телефон: 8 (342) 200-99-53, 8 (342) 200-99-52;Дочкисыночки;
г. Петрозаводск;" проспект Ленина, д. 14, ТЦ ""Макси""";"ТЦ ""Макси""";Режим работы: 10:00 - 21:00;Телефон: 8(8142)33-50-64;Дочкисыночки;
г. Подольск;" ул. Свердлова, д. 26, ТЦ ""Галерея"" ";"Станция Подольск, выход в город налево:
троллейбусы: 1, 2, 3 до ост. ""Улица Стекольникова"". 
Торговый центр ""Галерея"", 2 этаж.
";Режим работы: 10:00-22:00;Телефон: 8 (495) 926-11-93/94;Дочкисыночки;
г. Реутов;" ул. Октября, владение 10, ТЦ ""Экватор"", 4 этаж";м.Новокосино, выход из метро на ул.Южная, (ориентир жд. станция Реутов). На электричке с Курского вокзала до станции Реутов.;Режим работы: 10:00-22:00;Телефон: 8 (495) 777-59-42/43/44;Дочкисыночки;
г. Ростов-на-Дону; ул. Малиновского, д. 25, ТЦ «Золотой Вавилон», 2 этаж;"От ЦР автобус №26,остановка гипермаркет ""ОКЕЙ"".Рядом находится ТЦ ""Золотой Вавилон"",2 этаж.Из центра маршрутное такси № 40А (По ул.Красноармейская),остановка гипермаркет ""Окей"".От пл.Ленина;Сельмаш - автобус № 96,остановка авторынок ""Фортуна"".
Открыт отдел ""Женские штучки!""";Режим работы: 10:00-22:00;Телефон: (863) 204-01-39 ;Дочкисыночки;
г. Рязань;" Московское ш., д. 5А, ТЦ ""Барс"",2 этаж.";"ТРЦ ""Барс"", 3 этаж, Московское шоссе, 83, располагается в 200 м. от железн.станции.
Открыт отдел ""Женские штучки!""";Режим работы: 09:00-21:00;Телефон: 8 (4912) 500-664;Дочкисыночки;
г. Рязань; ул. Костычева, д.14;Костычева д.14, Проезд:автобусом №4, марш.такси:71,44,95,68,91 - остановка Дет.Поликлиника;Режим работы: 9:00-20:00;Телефон: (4912) 90-29-39;Дочкисыночки;
г. Рязань;" ул. Новосёлов, д.17, ТЦ ""21 век""";"ул.Новосело д.17, ТЦ ""21 век"", проезд: троллейбус №3,автобус №17,6 марш.такси №№34,57,33,45,31,43,47,53 остановка кинотеатр ""Октябрь";Режим работы: 09:00-20:00;Телефон: (4912) 27-85-85;Дочкисыночки;
г. Самара;" Московское шоссе, д.163Б, ТК ""Империя"", 4 этаж";"Автобусы: 1 и 45.
Троллейбусы: 4 и 12 до ост. «7 микрорайон». 

Маршрутное такси: 1, 1к, 4 (216), 47, 67, 96, 110, 205, 264, 392, 410а, 492 до ост.""ТЦ Империя""";Режим работы: с 10:00 до 21:00;Телефон: 8 (846) 240-61-90/93;Дочкисыночки;
г. Самара; ул. Аэродромная, д. 47, 4 этаж;"Маршрутные такси: 210,96,296,429,141,226,217,89,207,295,66,266,. Автобусы 70,2,24. Трамвай 1,3,18,16,23,4. Остановка МОЛЛ ""Аврора"".
";Режим работы: с 10:00 до 22:00;Телефон: 8 (846) 203-03-05/06;Дочкисыночки;
г. Самара;" ул. Красноармейская, д.131, ТРК ""Гудок""";Автобусы:226,266,37,295,480,99.Трамваи:4,1,23,16. Остановка ж/д вокзал.;Режим работы: 10:00 - 22:00;Телефон: 8(846) 336-20-60;Дочкисыночки;
г. Санкт-Петербург;  ул. Бухарестская, д. 43, корп.2, лит. А, 1 этаж ;Ст. метро Международная. Трамвай: 25,43,49.;Режим работы: 10:00-21:00;Телефон: 8 (812) 644-92-55;Дочкисыночки;
г. Санкт-Петербург; Ленинский пр-т, д.128, к.2;"ст.метро Ленинский проспект, ТЦ ""НАРВА"", 3 этаж.";Режим работы: 10:00-21:00;Телефон: 8 (812) 386-83-90;Дочкисыночки;
г. Санкт-Петербург; Московский проспект, д. 222, цокольный этаж;От станции м. Московская, 3 минуты пешком в сторону Пулково;Режим работы: 10:00-21:00;Телефон: 8 (812) 313-54-71, 8 (812) 313-54-72;Дочкисыночки;
г. Санкт-Петербург; пр-т Славы, д.12 к.1;Ст.метро Международная.  Маршрутные такси: 31, 339;Режим работы: 10:00-21:00;Телефон: 8 (812)339-84-17, 8 (812)339-84-18;Дочкисыночки;
г. Санкт-Петербург; пр. Космонавтов, д. 14, литер А, этаж 2 ТРК «Питер Радуга» ;"Метро ""Парк Победы"" от метро бесплатный автобус до ТРК «Питер Радуга» ";Режим работы: 10:00-22:00;Телефон: 8 (812) 346-81-47, 8 (812) 346-81-48;Дочкисыночки;
г. Санкт-Петербург; ул. Большеохтинский проспект, дом 1, этаж 1;"Трамвай 10 и 23 остановкам ""Улыбка радуги""";Режим работы: 10:00-21:00;Телефон: 8 (812) 242-65-78;Дочкисыночки;
г. Санкт-Петербург;" ул. Бутлерова, д.42 лит А. ТЦ ""Призма"", 2 этаж";м. Академическая, выход направо. Перейти дорогу, 400 метров прямо по проспекту Науки.;Режим работы: 10:00-21:00;Телефон: 8 (812) 676-56-74, 8 (812) 676-56-75;Дочкисыночки;
г. Санкт-Петербург; ул. Ильюшина, д. 5, корп. 2;ст. м. Комендантский проспект ;Режим работы: 10:00-21:00;Телефон: 8 (812) 336-57-38 ;Дочкисыночки;
г. Санкт-Петербург; ул. Одоевского д.34 лит. Б;Ст.метро Приморская, выход из метро налево, перейти дорогу на ул. Одоевского.;Режим работы: 10:00-21:00;Телефон: 8 (812) 383-74-48;Дочкисыночки;
г. Санкт-Петербург; ул. Прибрежная, д. 18;"ст.метро Рыбацкое, выход в город 3 мин. пешком до ТЦ ""Парад""";Режим работы: 10:00-21:00;Телефон: 8 (812) 622-10-73, 8 (812) 622-10-74;Дочкисыночки;
г. Саратов; ул. Астраханская д.103а;"Трамвай: 3, 11. 
Троллейбус 5. 
Автобусы: 6, 11, 53, 75, 90. Маршрутные такси: 25, 33, 56, 60, 96, 99. 
Остановка ""Триумф-молл"" на пересечении ул. Астраханская и ул. Зарубина.
";Режим работы: 9:00-21:00;Телефон: (8452) 74-40-35/36;Дочкисыночки;
г. Саратов; ул. Чернышевского, д.1, 1 этаж;"Маршрутные такси: 21,42,79,83,99,105,110. Автобусы: 2,2д,6,90,53 (конечная остановка). Троллейбус 4,15 до остановки ""Кожзавод"", ТЦ ""Мой Новый""
";Режим работы: с 10:00 до 22:00;Телефон: 8 (8452) 49-91-51/52/53;Дочкисыночки;
г. Сергиев Посад;" ул.Вознесенская, д. 32А, ТЦ ""Счастливая 7я"" ( c 06.05.2015 магазин переехал с 4-го этажа на 2-й этаж)";"вблизи авто и ж/д вокзалов.
Маршрутное такси - 1,3,5,7,12,15,16,17,18,19,21,25,26,49,74,88,55,32


";Режим работы: 10:00-22:00;Телефон: 8-495-660-51-66 ;Дочкисыночки;
г. Смоленск ; ул. Ново-Московская , д. 2/8, 2 этаж;"Маршрутные такси: 35,55  до остановки ""ТРЦ Галактика"".";Режим работы: с 10:00 до 21:00;Телефон: 8 (4812) 53-52-02/03;Дочкисыночки;
г. Смоленск;" ул. 25 Сентября, д. 60, ТЦ ""Житомир"", 2 этаж";"Маршрутное такси: 22,44,45,42,24,35.Троллейбус: 2.Трамвай: 1 остановка 31-ая школа.Автобус: 2,Трамвай 2,4 до ул.Рыленкова., пешком 200м. в сторону ""Ледового Дворца"".";Режим работы: 10:00-21:00;Телефон: (4812) 53-51-02/03;Дочкисыночки;
г. Сочи; ул. Московская, д. 22;"От Железнодорожного вокзала г.Сочи в 200-250 метров расположен Центральный рынок г.Сочи  ТЦ ""Александрия "" маг. Дочки -Сыночки"" . Автотранспортом  ост. Центральный рынок ,ТЦ "" Александрия"" № маршр.№17,41,19,83,98,47,38,92.";Режим работы: с 10:00 до 21:00;Телефон: 8 (8622) 96-50-04;Дочкисыночки;
г. Сочи;" ул. Новая Заря, д.7, ТЦ ""МореМолл""";До нас можно добраться от ж/д вокзала 41, 98 автобус. от платановой аллеи 38, 25 автобус до ТЦ Моремолл.;Режим работы: 10:00-22:00;Телефон: 8 (862) 296-89-55, 8 (862) 296-89-56;Дочкисыночки;
г. Старый Оскол; мкр-н Ольминского, д.17 ;"Маршрутные такси: 1,4, 6, 6б, 18, 18а, 25, 25а,29, 31, 31а, 34до остановки ""ТЦ ""Боше"".";Режим работы: с 10:00 до 21:00;Телефон: 8-4725-23-33-58, 59;Дочкисыночки;
г. Стерлитамак;" ул.Артёма, д.96, ТРЦ ""Арбат"", 2 этаж";"Троллейбусы: 5,16  
Маршрутки: 41,43 
Остановка ""Сбербанк""";Режим работы: 09:00-21:00;Телефон: 8 (3473) 33-69-57, 8 (3473) 33-69-58;Дочкисыночки;
г. Сургут; ул. Профсоюзов, д.11, 3 этаж;"Маршрутные такси: 30, 40, 53, 69, 95. Автобусы 12, 19,20, 26, 33, 34, 4, 45, 51, 6 до остановки автовокзала ""Сургутнефтегаз"". Автобусы 11, 14, 24 до остановки ""ул. Профсоюзов""";Режим работы: с 10:00 до 22:00;Телефон: 8(3462) 94-25-64/65;Дочкисыночки;
г. Таганрог;" пл. Мира, дом 7, ТЦ ""Мармелад"", 3 этаж";"До нас можно добраться с помощью общественного транспорта,а именно:
Трамвай №№5, 6, и 7 (остановка ул.Кузнечная/16-й переулок);автобус №31, троллейбус №5, маршрутное такси №№30, 31 и 58 (остановка ТРЦ Мармелад)";Режим работы: 10:00-22:00;Телефон: (8634) 38-28-25/24;Дочкисыночки;
г. Тамбов ул. Чичерина/Мичуринская; д.27/211 ;"Маршрутные такси: 26,16 Автобусы: 1,8,23,31,44,55. Остановка ""Чичерина"", ТЦ ""Браво Сити""";Режим работы: 10:00-22:00;Телефон: 8 (4752) 58-27-64 ;Дочкисыночки;
г. Тобольск;" 6-ой микрорайон,  стр. 38,  ТЦ ""Евразия"", 3  этаж";"Остановка гостиница ""Славянская"" авт 10,6,4,3 маршрутное такси 10,20.Остановка ДК ""Синтез"" маршрутное такси № 20";Режим работы: 10:00-22:00;Телефон: 8 (3456) 27-55-20, 8 (3456) 27-55-22;Дочкисыночки;
г. Тольятти;" ул. Л.Яшина, д. 14, ТЦ ""Мадагаскар"", 4-й этаж";"Все маршруты, в направлении Центрального района и Автозаводского района: 93,96, 99, 100, 105, 114, 116, 118, 124, 127, 131, 132, 313. 
Троллейбус: 19, 5.
Автобус: 2, 7, 12, 13, 73, 137.
Остановка: ""Лента"" или ""ТЦ Мадагаскар""

";Режим работы: 10:00-21:00;Телефон: 8 (8482) 316-800, 8 (8482) 316-900;Дочкисыночки;
г. Томск;" пр-т Мира, 48/3, ТЦ ""ВОЛНА""";"От остановки ""Главпочтамт"" - маршрутные автобусы: 4, 19, 22 до остановки ""Сбербанк"".
Маршрутный автобус 16 до остановки ""Автопарк"". 
";Режим работы: 10:00-21:00;Телефон: 8 (3822) 900-861, 8 (3822) 900-862;Дочкисыночки;
г. Томск;" ул. Красноармейская, д.44, ТД ""Центральный"", 2 этаж";"Автобусы: 8,9,10,16,25,37 до  остановки ""Тверская"".
Автобусы: 11,24 до остановки 
""ЦОТ"".
";Режим работы: 10:00-21:00;Телефон: 8 (3822) 99-41-71 ;Дочкисыночки;
г. Тула; ул. Пузакова, д.13;"Маршрутное такси: 21, 24, 41.  
Троллейбус: 1 
До остановки ""ул. Герцена"". Далее пешком по ходу движения транспорта 200 метров.
Или маршрутное такси: 9, 11, 23, 32, 36.
Автобус: 1.
Троллейбус: 6 до остановки ""ул. Пузакова"".
Далее пешком по правой стороне ул. Пузакова (1 квартал).
";Режим работы: 09:00-21:00;Телефон: 8 (4872) 34-35-39;Дочкисыночки;
г. Тюмень  ул. 50 Лет Октября; д. 14, МФК Магеллан, 4 этаж ;"Автобус № 128, 128к, 142, 129, 13, 19, 49, 83. 
Маршрутное такси № 62, 75, 77, 69, 43к, 51, остановка ""Улица Максима Горького"". ТГК ""Магеллан"", по эскалатору или на лифте на 4 этаж. 
Недалеко проходят основные маршруты, около 15-20 минут пешком от остановки ""Улица М.Горького"" и ""Универсам"".
Автобус № 100, 96, 86, 54, 48, 11, 30, 27, 17, 14, 1, 25, 55, 27, 15, 86, 96, 11, 54, 100, 55. Маршрутное такси № 84, 35, 84, 80, 35, 80. 
от остановки пройти до ТГК ""Магеллан"".
Открыт отдел ""Женские штучки!""";Режим работы: 10:00-22:00;Телефон: +7 (3452) 38-90-53, 38-90-52;Дочкисыночки;
г. Тюмень;" ул. Герцена, д. 94, ТРЦ ""Вояж"", м-н ""Риччио""";;Режим работы: 10.00-22.00;Телефон: (3452) 56-59-17;Дочкисыночки;
г. Тюмень;" ул. Пермякова, д. 50-б, ТЦ ""Солнечный"", 3 этаж";"До нашего торгового центра вы можете добраться с помощью Автобусы: 14, 25, 13, 46. 
Маршрутное такси: 80, 56, 64. 
";Режим работы: 10:00-21:00;Телефон: (3452) 54-29-26/27/28 ;Дочкисыночки;
г. Улан-Удэ;" ул. Корабельная, 32, ТРЦ ""Пионер"", 2 этаж";"Маршрутные такси: 30, 29, остановка ""Автовокзал"".
Маршрутные такси: 7, 36, 97, 125, 131, 161 остановка ""Баня № 1"". 
Маршрутные такси:  2, 3, 15, 24, 33, 37, 77, 80, 95, 133, остановка ""ТК Народный"".

";Режим работы: 10:00-22:00;Телефон: 8 (3012) 20-00-50\51;Дочкисыночки;
г. Улан-Удэ; ул. Намжилова, д. 6;"Проезд на марш. такси/автобусах: со стороны площади Советов до остановки ""Акбэс"": № 97, 37, 25, 63, 82, идти вдоль дороги 100 метров в 2-х этажное здание ТЦ ""Стам"". Со стороны Железнодорожного района до остановки ""Акбэс"": № 57,100, 64, 21, 44, 33, 15, перейти дорогу, идти вдоль дороги 100 метров в 2-х этажное здание ТЦ ""Стам"".
";Режим работы: 10:00-21:00;Телефон: 8 (3012) 41-90-73/74;Дочкисыночки;
г. Ульяновск;" пр-т Ульяновский, д.17а, ТРК ""Панорама"", 2 этаж.";"Маршрутное такси: 28,29,65,75,77,78,85
Остановка: ""30 магазин"" (ТЦ ""Лидер""). Далее по подземному переходу на сторону рынка, от рынка направляемся в строну ТЦ ""Оптимус"", от ""Оптимуса"" по пешеходному переходу на сторону магазина ""Бостон"", от ""Бостона"" через один жилой дом ТЦ ""Панорама"" (от остановки 10-15 минут )

Троллейбусы: 9,10
Остановка ""Церковь""
Спускаться вниз, по правой стороне проспекта Ульяновского ТЦ ""Панорама"" (от остановки 5 минут
";Режим работы: 10:00-21:00;Телефон: 8 (8422) 30-60-55, 8 (8422) 30-60-44 ;Дочкисыночки;
г. Ульяновск;" ул. Рябикова, д. 106а, ТЦ ""ДА"",  2 этаж";"Маршрутные такси: 4,81,28,94,56,100. 
Автобус: 10.
Трамвай: 2,2Ю,3,5.
Остановка ""Отрадная"" 
Выйти на остановке, перейти дорогу к ТЦ ""ДА"".
";Режим работы: 10:00-21:00;Телефон: 8 (8422) 30-51-83, 8 (8422) 30-51-93 ;Дочкисыночки;
г. Уфа; ул. Губайдуллина, д. 6, ТЦ Аркада, 2 этаж;;Режим работы: 10:00-22:00;Телефон: 8 (347) 226-84-16, 8 (347) 226-84-17;Дочкисыночки;
г. Челябинск;" ул. Молдавская, д.16, ТРК ""Фокус"", 2 этаж";"Проезд транспортом: 
Троллейбус № 17,12, 23 до остановки ""Молдавская"" - конечная остановка данных троллейбусов. 
Маршрутное такси № 91,40,65, 56, 9, 75, 48 до остановки ""Молдавская"", 300 метров до ТРК ""Фокус"".
";Режим работы: 10:00-22:00 ;Телефон: 8 (351) 799-22-30, 8 (351) 799-22-31;Дочкисыночки;
г. Челябинск;" ул. Цвиллинга, д. 25, ТРК ""Куба"" 3 этаж";"Магазин расположен по адрессу Ул.Цвилинга 25 в ТРК Куба - 3 этаж, не далеко от остановки общественного траспорта Пл.Революции и Оперный театр. До Пл.Революции идут следующие маршруты автобусов и такси:С Авто и Жд вокзала - автобус 18, 64, 83; тролейбус - 1, 17; трамвай - 3, 5, 7, 8, 16; маршрутки - 3, 22, 25, 27, 28, 36, 49, 56, 64, 90, 92, 93, 96, 318.С Района ЧТЗ - атобус - 4; тролейбус - 16, 19; маршрутки - 9, 29, 50, 61, 62, 78, 83, 86. С района АМЗ - тролейбус - 11, 16; маршрутки - 14, 29, 85.С района ЧМЗ - трамвай - 3; маршрутки - 92, 112.  С района северо-запад - автобус - 18; тролейбус - 17; трамвай - 16; маршрутки - 9, 22, 27, 28, 33, 42, 49, 56, 65, 99, 318. От остановки необходимо пройти к переходу и спускаться вниз в сторону реки Миасс. (Идти прямо, не сворачивая).До остановки - Оперный театр:С Авто и Жд вокзала - трамвай - 3, 5, 16; маршрутки - 25, 90, 318.С Района ЧТЗ - трамвай - 22; маршрутки - 37, 42, 46, 65, 353.С района АМЗ - прямых маршрутов нет.С района ЧМЗ - трамвай - 3; маршрутки - 90.С района северо-запад - автобус - 18; маршрутки - 37, 42, 65, 318. От остановки необходима подняться вверх в сторону центра города. (Идти прямо, не сворачивая).";Режим работы: 10:00-22:00 ;Телефон: 8 (351) 220-09-87, 8 (351) 220-09-88;Дочкисыночки;
г. Чита; пос. КСК, 6й мкр-н, д. 2а, РЦ «Страна Чудес»;"Маршрутное такси: 7, 18, 22, 24, 26, 27, 37, 47, 57, 58, 59, 67, 77, до остановки ""Универсам""";Режим работы: 10:00-21:00;Телефон: 8 (3022) 21-11-81;Дочкисыночки;
г. Чита;" ул. Бабушкина, д.153, ТЦ ""Ся-Ян"", 2 этаж";"Маршрутные такси: 2,3,7,25,26,27,28,35,37,41,47,51,58,67,77.
Троллейбус №6. Автобусы: 102,120.";Режим работы: 09:00-20:00;Телефон: 8 (3022) 32-50-03, 8 (3022) 32-50-04;Дочкисыночки;
г. Чита;" ул. Богомягкова, д. 50 ТЦ ""Аврора"", 2 этаж";"Маршрутным такси: 3,26,28,29,30,31,42,47,61,135.  Троллейбус №1 до остановки ""Машзавод"", ТЦ ""Аврора""        ";Режим работы: 10:00-21:00;Телефон: 8 (3022) 21-22-51, 8 (3022) 21-22-50;Дочкисыночки;
г. Чита; ул. Красноярская 32а;"Троллейбусы: 1,3,6. Маршрутное такси: 21,22,57,35,51,7,30,48 до остановки ""Гор. Больница"".
Открыт отдел ""Женские штучки!""";Режим работы: 10:00-21:00;Телефон: 8 (3022) 32-24-90;Дочкисыночки;
г. Электросталь; ул. Журавлева, д.3;"Маршрутное такси: 40,60,120,42,65,114,111 до остановки ТЦ ""Чистые Материалы"". ";Режим работы: 10:00-21:00;Телефон: 8 (496) 570-30-21/22;Дочкисыночки;
г. Ярославль; Ленинградский проспект, д. 123, ТРЦ «Альтаир», 1 этаж;"Проезд общественным транспортом до остановки ""14-й микрорайон"".
Автобусы: 8, 10, 11, 15, 18, 25.
Маршрутные такси: 46, 51, 61, 78, 82, 83, 87, 88, 97.
Трамвай 7 (конечная остановка ""ул. Волгоградская"" - 200 метров по направлению к ТРК ""Альтаир""), 9 (остановка ""Ленинградский пр-т"").
Троллейбусы: 7,8 до остановки ""ул. Волгоградская (конечная)"" Пройти до перекрестка 250-300 метров.
";Режим работы: 10:00-22:00;Телефон: 8 (4852) 58-14-77, 8 (4852) 58-14-86;Дочкисыночки;
г. Ярославль; Московский пр-т, д. 108, ТРЦ «РИО», 3 этаж;"Проезд общественным транспортом до остановки ""ул. Нефтяников"".
Автобусы: 41а, 33.
Троллейбусы: 9, 5.
Маршрутные такси: 39, 47, 71, 72, 73, 76, 91, 97. 
От остановки 250 метров по направлению движения транспорта.
";Режим работы: 10:00-22:00;Телефон: 8 (4852) 41-30-64, 8 (4852) 41-30-65;Дочкисыночки;
г.Белгород; ул.просп.Б.Хмельницкого, 137т, этаж 3;Транспорт по городу до ТЦ Мега-Грин;Режим работы: 10:00-22:00;Телефон: 8 (4722) 73-22-03;Дочкисыночки;
г.Брянск;" ул. Объездная, д.30, ТРЦ ""Аэропарк"", 2 этаж";"От остановки Ж/Д вокзал - марш.такси №№29,49 до ТРЦ ""Аэропарк"", 2 этаж ТРЦ по эскалатору., с автовокзала- марш.такси №№29,35,47,40,34,15 - остановка ТРЦ ""Аэропарк""";Режим работы: 10:00-22:00;Телефон: (4832) 71-79-92/93;Дочкисыночки;
г.Жуковский; ул.Мясищева, д.17а ;"От станции ""Отдых"" - маршрутка № 18, остановка ТЦ ""Колонец"". 
От станции ""Ильинка"" - маршрутка № 19, конечная остановка. 
Также проходят маршрутки № 4 и № 17. 
Из Москвы м. Кузьминки автобус № 525, 441 конечная остановка.
Открыт отдел ""Женские штучки!""";Режим работы: 10:00-21:00;Телефон: 8 (495) 984-42-86/87;Дочкисыночки;
г.Йошкар-ола ул. Баумана;" д. 16, ТЦ ""Планета"", 4 этаж";"Торговый Центр ""Планета"" (9 микрорайон), 4 этаж.
Проезд: из центра автобусы:1,2,троллейбус 2, маршрутное такси 22,30,21,24,16,18 (остановка рядом с ТЦ ""Планета"")";Режим работы: 10:00-21:00;Телефон: 8 (8362) 49-75-53, 8 (8362) 49-75-52 ;Дочкисыночки;
г.Новосибирск; ул.Красный проспект, д.101, ТРК Ройял Парк, 3 этаж;Остановка транспорта ст.метро Заельцовская.;"<span class=""show_dop_info store__addition_info"">Как к нам добраться:</span>";Режим работы: 10:00 - 22:00;Дочкисыночки;
г.Ростов-на-Дону; пр. Михаила Нагибина,34, аквапарк Н2О, 2 этаж  ;Со стороны улице Садовая/Буденовская идет маршрутное такси под номером  45,со стороны улицы Садовая/ Ворошиловская маршрутные такси под номерами 47,77,65 ,92.;Режим работы: 10:00-22:00;Телефон: (863) 272-51-97, 272-51-98;Дочкисыночки;
г.Санкт-Петербург; пр-т Испытателей, дом 30, корпус 2, литера А, ТЦ «Миллер», 2 этаж;"Приморский район, пр.Испытателей 30 корп.2 ТЦ""Миллер"" (2этаж) метро Комендантский проспект(рядом с метро)";Режим работы: 10:00-22:00;Телефон: 8 (812) 337-12-02, 8 (812) 337-12-03;Дочкисыночки;
г.Санкт-Петербург;" ул.Брантовская дорога, д.3 ТРЦ ""Охта Молл"", 3 этаж";"Ст.метро Новочеркасская, выход №6. Бесплатная маршрутка с 11-00 до 23-00. Трамвай: 10,23.  Маршрутное такси 6. Автобус 22 до ост. ТРЦ ""Охта Молл""";Режим работы: с 10:00 до 22:00;Телефон: 8 (812) 456-51-62/63;Дочкисыночки;
г.Тула;" ул.Пролетарская, д.22-а, ТРЦ ""РИО"", тел.: 8(4872)55-28-50/51";"На общественном транспорте до остановки""Площадка"", ""РИО"", ""У Катюши"" на автолайнах №4/м, 12/15,18, 23,24,33, 40к.
 С Московского вокзала автобусом 4м.
 С автовокзала 25, 18, 33, с Зареченской автостанции 21,23,24. 
Из Скуратово, Басосо автобус №25.";Режим работы: 10:00-22:00;Телефон: 8 (4872) 55-28-50, 8 (4872) 55-28-51;Дочкисыночки;
