г. Балашиха; ш. Энтузиастов,  36а,  ТЦ Вертикаль 1-й этаж;"от ст. м. Щёлковская автобус или маршрутка 338,396, от ст. м. ""Партизанская"" автобус  или маршрутка 385,337   ;
от ст.м. Новогиреево маршрутка 125, 108, 110, 193 до ост. ""Горсовет"";, перейти через перекрёсток на сторону Макдональдса, следующим будет ТЦ""Вертикаль"" вход со стороны области, цокольный этаж."; Часы работы Ежедневно с 10:00 до 22:00 ; 8(495)663-03-43 , 8(800)775-03-43 ;Кораблик
Россия; Московская область,  Ленинский район,  Видное,  микрорайон Солнечный,  10;"Станция м. «Кантемировская», первый вагон из центра(выход в сторону Кавказского бульвара), из стеклянных дверей налево, по лестнице налево, через 20 метров остановка, автобус или маршрутка № 489, в г. Видном остановка «Кинотеатр», разворот на 180 градусов, ТЦ «КУРС» 2 этаж
"; Часы работы Ежедневно с 10:00 до 22:00 ; 8(495)663-03-43 , 8(800)775-03-43 ;Кораблик
г. Жуковский; ул. Баженова,  2а,  ТРЦ Авиатор 2-й этаж;от метро Кузьминки авт. И марш. Такси № 525 м. Выхино авт. И маршр. Такси№ 424, №14 маршрутное такси по городу Жуковскому конечная остановка ул. Федотова. ; Часы работы Ежедневно с 9:00 до 22:00 ; 8(495)663-03-43 , 8(800)775-03-43 ;Кораблик
г. Коломна; Советская пл.,  8,  ТЦ Глобус;"ст.м.Выхино,автовокзал,авт.№460 Москва-Коломна,сказать водителю остановить у Торгового дома ""Коломна"",выходите из автобуса и прямо перед вами будет ТЦ Глобус, наш магазин примыкает к главному зданию и имеет отдельный вход. Также можно доехать на электричке с Казанского вокзала,направление Москва-Голутвин, выходите на конечной Голутвин,сходите с платформы и направляетесь к автовокзалу который находится напротив ж/д вокзала,садитесь в маршрутное такси №20,№68 и выходите напротив здания администрации г.Коломна, через дорогу будет ТЦ Глобус и магазин который примыкает к головному зданию ТЦ."; Часы работы Ежедневно с 09:00 до 22:00 ; 8(495)663-03-43 , 8(800)775-03-43 ;Кораблик
 г. Лобня; ул. Маяковского,  5а,  ТЦ Надежда;"м.Алтуфьево (автобус), Тимирязевская (электричка) по Савеловскому направлению до ст. ""Лобня"" перейти через ж/д переход, войти в ТЦ Надежда "; Часы работы Ежедневно с 09:00 до 21:00 ; 8(495)663-03-43 , 8(800)775-03-43 ;Кораблик
Москва;м. Марьино,  ул. Люблинская,  157;"м. ""Марьино"", последний вагон из центра, 2-й выход из перехода налево. Далее 400 метров в сторону магазина ""Ашан""."; Часы работы Ежедневно с 09:00 до 22:00 ; 8(495)663-03-43 , 8(800)775-03-43 ;Кораблик
Москва;м. Красносельская,  ул. Гаврикова,  2/38;"ст. метро ""Красносельская"", первый вагон из центра. Из метро прямо, перейти дорогу через светофор и повернуть на лево по ул. Краснопрудная, в сторону третьего кольца, пройти три дома, на перекрестке ул.Краснопрудная и Гаврикова, прямо под третьем кольцом находится магазин."; Часы работы Ежедневно с 09:00 до 22:00 ; 8(495)663-03-43 , 8(800)775-03-43 ;Кораблик
Москва;м. Беляево,  ул. Профсоюзная,  102,  стр.1,  ТЦ Ареал 3-й этаж;"Магазин расположен у станции метро Беляево, выход в сторону кинотеатра Витязь. 3 метра от выхода из метро.
"; Часы работы Ежедневно с 10:00 до 22:00 ; 8(495)663-03-43 , 8(800)775-03-43 ;Кораблик
Москва;м. Варшавская,  Варшавское шоссе,  д. 87Б,  ТЦ Варшавский,  1-й этаж;"Последний вагон из центра, после выхода из метро повернуть направо, выйти на улицу. По правую руку будет находиться ТЦ""Варшавский"", магазин ""Кораблик"" располагается на 1-ом этаже ТЦ.
"; Часы работы Ежедневно с 10:00 до 22:00 ; 8(495)663-03-43 , 8(800)775-03-43 ;Кораблик
Москва;м. Чертановская,  ул Чертановская,  1в,  к.1;"м. Чертановская первый вагон из центра, далее пешком вдоль жилого дома с левой стороны, вниз по лестнице и налево.
"; Часы работы Ежедневно с 09:00 до 22:00 ; 8(495)663-03-43 , 8(800)775-03-43 ;Кораблик
Москва;м. Алексеевская,  пр-т Мира,  118а;"м. Алексеевская, 1 вагон в центр, выйти из метро, держаться правее и двигаться по проспекту Мира в сторону м. ВДНХ до 1 поворота на Староалексеевскую улицу, по ней пройти 200 метров до жилого здания, на 1-ом этаже магазин Кораблик.
"; Часы работы Ежедневно с 9:00 до 22:00 ; 8(495)663-03-43 , 8(800)775-03-43 ;Кораблик
г. Ногинск; ул. Декабристов,  5а,  ТЦ Зареченский;Из Москвы: Курский вокзал-на электричке или от ст. м. Партизанская автостанция Измайловская автобус или маршрутка №322,382,394 до автовокзала г. Ногинск далее в обоих вариантах на маршрутке №19,18 до ост. Заречье; Часы работы Ежедневно с 09:00 до 21:00 ; 8(495)663-03-43 , 8(800)775-03-43 ;Кораблик
г. Обнинск; пр-т Ленина,  208,  ТЦ Весна;"Из Москвы: Киевский вокзал на электричке до станции Обнинское. При выходе с электрички перейти на противоположную сторону, до магазина можно доехать на автобусе или маршрутном такси № 2,12 остановка ТЦ ""Весна""
"; Часы работы Ежедневно с 09:00 до 21:00 ; 8(495)663-03-43 , 8(800)775-03-43 ;Кораблик
г. Одинцово; ул. Неделина,  6,  ТЦ «О'Парк»;"Из Москвы: м. Парк Победы  автобус №339 остановка  Узел связи,м. Юго-Западная автобус № 461 остановка Узел связи, или электричка  Белорусское направление до станции Одинцово, до магазина 10 минут пешком до ТЦ О`Парк
"; Часы работы Ежедневно с 10:00 до 22:00 ; 8(495)663-03-43 , 8(800)775-03-43 ;Кораблик
г. Орехово-Зуево; ул. Ленина,  44а,  ТЦ Никольский;"станция Орехово-Зуево. При выходе с электрички перейти по мосту налево, до магазина можно доехать на автобусе или маршрутном такси №1,3. Остановка ТЦ ""Никольский"". 
"; Часы работы Ежедневно с 09:00 до 21:00 ; 8(495)663-03-43 , 8(800)775-03-43 ;Кораблик
г. Раменское; ул. Михалевича,  6а;"ст.Раменское.  Далее перейти через мост на левую сторону к автовокзалу. Далее вдоль кинотеатра Юбилейный пройти 10 м. до маг. Пятачок. Мы находимся на втором этаже этого здания.
"; Часы работы Ежедневно с 09:00 до 22:00 ; 8(495)663-03-43 , 8(800)775-03-43 ;Кораблик
г. Реутов; ул. Южная,  10а,  ТЦ Курс;"метро""Новогиреево"" 1 вагон из центра после выхода из метро повернуть налево, по лестнице вверх и направо. На автобусе №792,811 до остановки ""Южная д.15"" на светофоре перейти дорогу в сторону ""Макдональдс"" после него находится ТЦ ""КУРС"" адрес: .ул. Южная, д.10А, ТЦ ""Курс"" 2 этаж"; Часы работы Ежедневно с 10:00 до 21:00 ; 8(495)663-03-43 , 8(800)775-03-43 ;Кораблик
г. Рязань; ул. Ленина,  21,  ТЦ Атрон Сити;"Доехать до остановки ТЦ ""Атрон-Сити""(троллейбус № 5,6,8 ,автобус № 5,11,13.17,7,маршрутное такси № 47,53,подняться на эскалаторе на 4 этаж (также имеется возможность подняться с коляской на лифте),пройти прямо, затем повернуть налево и Вы окажитесь в сказочной стране магазина ""Кораблик"", в котором Вас ожидает множество приятных сюрпризов."; Часы работы Ежедневно с 10:00 до 21:00 ; 8(495)663-03-43 , 8(800)775-03-43 ;Кораблик
г. Сергиев-Посад; ул. Кооперативная,  3,  ТЦ Вознесенский;"1 .  Из Москвы: Ярославский вокзал м. Комсомольская   на электричке  до станции Сергиев Посад. Магазин находится  непосредственно  на станции Сергиев Посад  ТЦ ""Вознесенский "".                                                               
2.  По городу : можно доехать на любой маршрутке или  на автобусе,  по маршруту следования - конечный пункт  авто/ж/д  вокзал. 
"; Часы работы Ежедневно с 09:00 до 22:00 ; 8(495)663-03-43 , 8(800)775-03-43 ;Кораблик
г. Химки; Ленинградское ш.,  вл.5,  ТЦ «Лига»;"м. Речной вокзал, последний вагон из центра, автобус или  маршрутное такси № 443, маршрутное такси № 986 до остановки ""Юбилейный проспект"".                                        
м. Планерная, первый вагон из центра, маршрутное такси № 496, троллейбус №203 до остановки ""Юбилейный проспект"".
"; Часы работы Ежедневно с 10:00 до 22:00 ; 8(495)663-03-43 , 8(800)775-03-43 ;Кораблик
г. Красногорск; ул. 50 лет Октября,  12,  ТРЦ «Парк» ;Первый вагон из центра, выход к пригородным поездам налево (на электричке до станция Красногорская). Первый вагон из центра , выход направо, на 210 маршрутке до остановке ТЦ Парк; Часы работы Ежедневно с 10:00 до 22:00 ; 8(495)663-03-43 , 8(800)775-03-43 ;Кораблик
г. Дмитров; ул.Советская,  д.5,  ТЦ Сити,  2-й этаж;"метро Савеловская, 1-й вагон из центра электричка до г. Дмитров. От вокзала маршрутка 10, 38, 26 остановка администрация. Направо ТЦ ""Сити"", 2-ой этаж
"; Часы работы Ежедневно с 09:00 до 21:00 ; 8(495)663-03-43 , 8(800)775-03-43 ;Кораблик
г. Клин;" ул. Гагарина,  д. 8,  ТЦ ""Континент"",  3-й этаж";"Электричкой  с Ленинградского вокзала до остановки ""Клин"". На привокзальной площади -остановка около ТЦ ""Дарья "". Автобусом или маршруткой № 1,7,5 до остановки ул. Гагарина. Далее  налево  150 м до ТЦ ""Континент"".   Автобусом: № 437 Москва-Клин, от  м. Речной вокзал (остановка напротив магазина ""Кораблик""), в Клину выйти на остановке М-10, по ходу автобуса пройти 40 м, справа находится ТЦ ""Континент"", м-н ""Кораблик"" расположен на 3-м этаже ТЦ. Главный ориентир ""Макдональдс""
"; Часы работы Ежедневно с 09:00 до 21:00 ; 8(495)663-03-43 , 8(800)775-03-43 ;Кораблик
 г. Ступино; ул. Горького,  26,  ТЦ Ока;из Москвы: с павелецкого вокзала до станции Ступино. При выходе с электрички перейти на противоположную сторону. До магазина можно доехать на автобусе или маршрутном такси, остановка ТЦ Ока.; Часы работы Ежедневно с 09:00 до 21:00 ; 8(495)663-03-43 , 8(800)775-03-43 ;Кораблик
Москва;м. Речной вокзал,  ул. Фестивальная,  17,  к.1а,  ТЦ «У Речного»;"м. Речной вокзал, 1-й вагон из центра, из метро на лево, идти вдоль улицы не переходя дорогу 250 метров. Торговый комплекс расположен слева по ходу движения от метро.
Магазин находиться на 3 этаже."; Часы работы Ежедневно с 10:00 до 22:00 ; 8(495)663-03-43 , 8(800)775-03-43 ;Кораблик
г. Домодедово; ул. Корнеева,  1а,  ТЦ Стайер;"с Павелецкого вокзала электричка до город Домодедово 2мин пешком или от  метро домодедовская на маршрутке № 466 до станции Домодедово.
"; Часы работы Ежедневно с 09:00 до 21:00 ; 8(495)663-03-43 , 8(800)775-03-43 ;Кораблик
 п. Лесной городок; ул. Школьная,  1,  ТЦ Город;"С Одинцово авт №33 . С Москвы авт.№ 442. На электричке ст. Лесной городок дойти до Минского ш. 
"; Часы работы Ежедневно с 10:00 до 22:00 ; 8(495)663-03-43 , 8(800)775-03-43 ;Кораблик
г. Пушкино; ул. Чехова,  12,  ТЦ ВИТ;"Из Москвы: Ярославский вокзал, на электричке по станции г. Пушкино, выход на правую сторону, вниз по Московскому проспекту 5-7 минут пешком до ТЦ ""ВИТ""- 4 этаж, ориентир ""Вечный огонь"". "; Часы работы Ежедневно с 10:00 до 22:00 ; 8(495)663-03-43 , 8(800)775-03-43 ;Кораблик
  г. Павловский Посад; ул. Кирова,  5,  ТЦ Апрель;"от Москвы: электричка с ""Курского"" вокзала до станции ""Павловский Посад""  далее от Ж/Д вокзала ""Павловский Посад"" и Автовокзала- любой транспорт в сторону площади. Остановка ""Площадь Революции""."; Часы работы Ежедневно с 09:00 до 21:00 ; 8(495)663-03-43 , 8(800)775-03-43 ;Кораблик
г. Владимир; ул. Ленина,  д. 46,  ТЦ Крейсер, 3-й этаж;"С автовокзала доезжаете до ост. Ул. Пугачева и идете прямо 150 м. до ТЦ Крейсер
"; Часы работы Ежедневно с 10:00 до 21:00 ; 8(495)663-03-43 , 8(800)775-03-43 ;Кораблик
г. Люберцы; ул. Попова,  1,  ТЦ Парк Сити;"От метро Выхино маршрутка № 888 (остановка маршрутки на стороне рынка у метро Выхино) ехать до остановки ТЦ Парк Сити (ориентир Наташинские пруды)
"; Часы работы Ежедневно с 09:00 до 21:00 ; 8(495)663-03-43 , 8(800)775-03-43 ;Кораблик
г. Тверь; пр-т Калинина,  15,  стр.1,  ТРЦ Рубин;"От вокзалов – ж/д и авто, маршрутное такси № 2, 24, 27, 227; троллейбус № 2. Доехать до остановки ""бульвар Ногина"", перейти дорогу, повернуть направо, пройти 200 м до здания торгово-развлекательного центра ""Рубин"", зайти в ТРЦ (1 этаж), повернуть налево и вы в магазине."; Часы работы Ежедневно с 10:00 до 22:00 ; 8(495)663-03-43 , 8(800)775-03-43 ;Кораблик
г. Одинцово; Можайское ш.,  159,  ТЦ Курс;"От станции Баковка в направление к Можайскому шоссе пешком 10 мин. От станции Одинцово автобус 339 остановка Баковский завод.
"; Часы работы Ежедневно с 10:00 до 22:00 ; 8(495)663-03-43 , 8(800)775-03-43 ;Кораблик
 г. Мытищи; ул.Селезнёва,  33,  ТРЦ Перловский;С Ярославского вокзала на электричке, первый вагон по ходу движения поезда, железнодорожная станция Перловская. Необходимо перейти через мост на противоположную сторону. ТЦ Перловский расположен у станции на стороне движения электричек на Москву.; Часы работы Ежедневно с 10:00 до 22:00 ; 8(495)663-03-43 , 8(800)775-03-43 ;Кораблик
г. Мытищи; Олимпийский пр-т,  10,  ТЦ Альта;Ярославский вокзал, до ст. Мытищи, выход в город на площадь  с памятником Ленину, далее влево и вдоль здания ТЦ Торус до автодороги, дорогу перейти и прямо самое высокое здание, вход в торговую часть, по эскалатору или на лифте 3 этаж. Так же до ст. Мытищи можно доехать от метро ВДНХ, м. Медведково.; Часы работы Ежедневно с 10:00 до 21:00 ; 8(495)663-03-43 , 8(800)775-03-43 ;Кораблик
г. Александров; ул.Ленина 13 , корп.1,  ТЦ Саша,  2 эт.;"Из Москвы: с Ярославского вокзала порядка 2х часов на электричке. При выходе с электрички перейти привокзальную площадь. Далее на любом автобусе (кроме №№1 и 8) в сторону центра две остановки (остановка м-н ""Подарки""). Либо пешком 10 минут по улице Ленина до ТЦ ""Царский Двор"" за ним расположен  ТЦ ""Саша""."; Часы работы Ежедневно с 9:00 до 21:00 ; 8(495)663-03-43 , 8(800)775-03-43 ;Кораблик
г. Фрязино; ул. Советская,  1в,  ТЦ Фрязино;С автовокзала м Щелковская: автобус 361,335,маршрутка 361 до остановки Пр-т Мира, переход на противоположную сторону( справа м-н ОСТИН) идти 3 мин прямо до ТЦ.; Часы работы Ежедневно с 09:00 до 22:00 ; 8(495)663-03-43 , 8(800)775-03-43 ;Кораблик
г. Сергиев Посад; Новоугличское ш.,  36б,  ТЦ Углич;"Из Москвы: Ярославский вокзал, м. Комсомольская. На электричке до станции Сергиев Посад, маршрутное такси №1, №3 Остановка Бульвар Кузнецова. Выходим и идем вперед 50м до  ТЦ ""УГЛИЧ""
"; Часы работы Ежедневно с 09:00 до 22:00 ; 8(495)663-03-43 , 8(800)775-03-43 ;Кораблик
г. Калуга; ул.Ленина, 70,  ТЦ Копейка,  2-й этаж;"Из Москвы: Киевский вокзал на электричке до станции Калуга I. При выходе из электрички на троллейбусной остановке можно уехать троллейбусами № 1, 12 либо на маршрутном такси № 1; 29; 31; 45;76 до остановки кинотеатр ""Центральный"". Пройти от остановки вверх 200м.
"; Часы работы Ежедневно с 9:00 до 21:00 ; 8(495)663-03-43 , 8(800)775-03-43 ;Кораблик
г. Тула; ул. Металлургов,  62а,  ТЦ Демидовский;"Доехать можно маршрутным такси № 4М, №24 и автобусом №24. Выходите  на остановке «Искра». Торговый центр  « Демидовский», второй этаж.
"; Часы работы Ежедневно с 10:00 до 21:00 ; 8(495)663-03-43 , 8(800)775-03-43 ;Кораблик
г. Коломна; ул.Гагарина,  7а,  к.1,  ТЦ «Парус»;"На электричке до ст. Голутвин, или на автобусе  Москва-Коломна до автовокзала Голутвин, перейти через дорогу, затем по правую руку двигаться через жилые дома, к Афганскому рынку, до ТЦ ""Серебряные паруса""."; Часы работы Ежедневно с 9:00 до 22:00 ; 8(495)663-03-43 , 8(800)775-03-43 ;Кораблик
Москва;м. Ясенево,  ул. Голубинская,  28,  ТЦ «Фестивальный»;"Метро ""Ясенево"" первый вагон из центра. Подняться по лестнице повернуть направо ,идем прямо по переходу до конца. Поднимаемся по лестнице на улицу. Автобус ""769,781. Остановка ул. Голубинская д.31. ТЦ ""Перекресток"""; Часы работы Ежедневно с 10:00 до 22:00 ; 8(495)663-03-43 , 8(800)775-03-43 ;Кораблик
г. Воскресенск; ул. Кагана,  17,  ТЦ Атриум;"Можно добраться на электричке  Голутвин, Шиферная или 88 км ехать до станции Воскресенск, затем подняться по мосту на право и ехать на маршрутке №13 или №8 до ТЦ ""Атриум"" ( в народе Атак)  или можно на автобусе. Выйти с конечной станции метро Выхино пройти на автовокзал, автобус №358 Воскресенск ехать до остановки ""Эльдорадо"", затем пешком мимо рынка или сквозь дворы до ул. Кагана до ТЦ ""Атриум""."; Часы работы Ежедневно с 10:00 до 21:00 ; 8(495)663-03-43 , 8(800)775-03-43 ;Кораблик
г. Наро-Фоминск; ул. Ленина,  8,  ТЦ Серпантин;"Из Москвы: Киевский вокзал на электричке до станции Нара. С вокзала идет маршрутка №9 или № 1 , остановка ТЦ ""Серпантин"""; Часы работы Ежедневно с 09:00 до 22:00 ; 8(495)663-03-43 , 8(800)775-03-43 ;Кораблик
г. Обнинск; пр-т Маркса,  45,  ТРК «Триумф Плаза»;"Из Москвы: Киевский вокзал на электричке до станции Обнинское. При выходе с электрички перейти на противоположную сторону. До магазина можно доехать на автобусе или маршрутном такси № 3 (до остановки ДОМ для ДОМА, перейти на сторону заправочной станции, к ТРК ТРИУМФ Плаза и на лифте спустится на - 1 этаж), либо на маршрутном такси № 4,14 (остановка Дом для Дома, либо ""32 квартал""- остановка расположена практически напротив ТРК ТРИУМФ Плазы)"; Часы работы Ежедневно с 10:00 до 22:00 ; 8(495)663-03-43 , 8(800)775-03-43 ;Кораблик
г. Тула; пр-т Ленина,  122,  ТЦ SPAR;"Городской транспорт: тролейбус № 1,2,4,5 трамвай 12, маршрутное такси 9, 18,17, 30, 114, 118, 1Т, 218, 38, 35 автобус 18, 25
"; Часы работы Ежедневно с 10:00 до 22:00 ; 8(495)663-03-43 , 8(800)775-03-43 ;Кораблик
 г. Пущино; пр-т Науки,  5;"Из Москвы: от станции метро ""Южная"", междугородним автобусом ""Москва-Пущино"". Выход в городе на остановке ""Рынок"". Далее переходим через дорогу и идем 5 минут пешком  до ТЦ ""Дикси"" Магазин ""Кораблик"" находится на 1-м этаже.
"; Часы работы Ежедневно с 09:00 до 21:00 ; 8(495)663-03-43 , 8(800)775-03-43 ;Кораблик
г. Чехов; ул. Московская,  96,  ТРЦ «Карнавал»;"Из Москвы на электричке(Курское направление): до станции Чехов,(там же автовокзал) далее на любом автобусе до ТЦ ""Карнавал"". Из Москвы на автобусе (м.Южная): до ТЦ ""Карнавал"""; Часы работы Ежедневно с 10:00 до 22:00 ; 8(495)663-03-43 , 8(800)775-03-43 ;Кораблик
г. Егорьевск; ул. Советская,  187,  ТЦ «ЦНА»;"С вокзала на автобусе или маршрутке до остановки Дворец Спорта, далее перейти проезжую часть и пройти в обратную сторону 300 метров до Торгового дома ""Цна""."; Часы работы Ежедневно с 9:00 до 21:00 ; 8(495)663-03-43 , 8(800)775-03-43 ;Кораблик
Москва;м. Алтуфьево,  Алтуфьевское ш.,  72,  ТЦ Наш;Метро Алтуфьево последний вагон из центра, в переходе налево, при выходе на улицу направо. Далее примерно 6-10 мин. пешком прямо в сторону улицы Пришвина.; Часы работы Ежедневно с 9:00 до 21:00 ; 8(495)663-03-43 , 8(800)775-03-43 ;Кораблик
Москва;м. Шипиловская,  ул. Мусы Джалиля,  6,  к.2,  ТЦ Петровский;"м. Борисово 1 вагон из центра 7 минут до магазина пешком м. Шипиловская 1 вагон из центра 5 минут пешком до магазина
"; Часы работы Ежедневно с 10:00 до 22:00 ; 8(495)663-03-43 , 8(800)775-03-43 ;Кораблик
п. Томилино; 1 км Егорьевского ш.,  3в,  ТЦ Арбатский;"От метро Выхино (выход сразу на улицу) на маршрутке 560, 346 до ост. ВУГИ ориентир ТДТ (Торговый дом Томилино), от Казанского вокзала до станции Коренево на маршрутке 35,77.
"; Часы работы Ежедневно с 10:00 до 21:00 ; 8(495)663-03-43 , 8(800)775-03-43 ;Кораблик
 г. Одинцово; ул. Маковского,  2а,  ТЦ Союзный;"Из Москвы: С Белорусского вокзала на электричке до станции Одинцово 1 вагон в область. Перейти по железнодорожному мосту, у платформы -  ТЦ ""Союзный"" 3 этаж.
"; Часы работы Ежедневно с 10:00 до 21:00 ; 8(495)663-03-43 , 8(800)775-03-43 ;Кораблик
г. Луховицы; ул. Куйбышева,  71,  ТЦ Галерея;"Можно добраться любым автобусом или маршрутным такси по маршруту Вокзал-Набережная, Вокзал-Ларино, Вокзал ДОК до автобусной остановки ""Перекресток"""; Часы работы Ежедневно с 09:00 до 20:00 ; 8(495)663-03-43 , 8(800)775-03-43 ;Кораблик
г. Зеленоград; Савёлкинский пр-д,  8;"Из Москвы: Ленинградский вокзал на электричке до станции Крюково. При  выходе с электрички справа находятся  автобусные остановки. Проезд на автобусах №3, №2, №11 до остановки ""Парк Победы"". При выходе из автобуса по лестнице на верх и прямо."; Часы работы Ежедневно с 9:00 до 21:00 ; 8(495)663-03-43 , 8(800)775-03-43 ;Кораблик
г. Зеленоград; корпус 1550,  ТЦ ГРИН;"С М. Речного вокзала маршрутка №476 до остановки ""Районный суд"", далее 5 мин ходьбы пешком до ТЦ"" Грин"". От М. Тушинской автобус №460 до остановки ""Рынок""-рядом ТЦ ""Грин"". С М. Планерная автобус № 720 до остановки ""Проспект"", далее 5 мин ходьбы до ТЦ ""Грин""."; Часы работы Ежедневно с 10:00 до 22:00 ; 8(495)663-03-43 , 8(800)775-03-43 ;Кораблик
Москва;м. Пролетарская,  Симоновский вал,  12,  к.2,  ТЦ Седьмой континент;"м. Пролетарская последний вагон из центра. Выход по переходу на улицу, второй поворот на право. Остановка трамвай №40,43,12,20. Выходить на 3 остановке (Железнодорожный переезд). Перейти на другую сторону улицы. 1 этаж ""Седьмой континент"", 2 этаж ""Кораблик""."; Часы работы Ежедневно с 09:00 до 22:00 ; 8(495)663-03-43 , 8(800)775-03-43 ;Кораблик
г. Рязань; Московское ш.,  21,  ТРЦ Премьер;; Часы работы Ежедневно с 10:00 до 22:00 ; 8(495)663-03-43 , 8(800)775-03-43 ;Кораблик
Москва;"м. Домодедовская,  г. Москва,  Ореховый бульвар,  д. 15,  ТЦ ""Галерея Водолей"" ";"м. Домодедовская, 1-ый вагон из центра, по переходу налево, выход на улицу направо, с левой стороны увидите ТЦ ""Галерея Водолей"""; Часы работы Ежедневно с 10:00 до 22:00 ; 8(495)663-03-43 , 8(800)775-03-43 ;Кораблик
Россия; Московская область,  Люберецкий район,  посёлок городского типа Октябрьский,  улица Ленина,  39Б;Из Москвы: м. Выхино, последний вагон из центра, выход к автостанции, перейти на противоположную сторону дороги, далее доехать можно на маршрутном такси 144, остановка магазин Дикси. Из области: ст. Люберцы маршрутное такси 23,33, остановка Дикси; Часы работы Ежедневно с 09:00 до 21:00 ; 8(495)663-03-43 , 8(800)775-03-43 ;Кораблик
г. Железнодорожный; ул. Советская,  5,  ТЦ Юнион 2-й этаж;"1)на электричке от Курского вокзала-остановка г. Железнодорожный мы находимся прям на станции. ТЦ Юнион
2) от метро Новогиреево маршрутка №142. до г. Железнодорожного мы находимся прям на станции. ТЦ Юнион
3) от метро Выхино маршрутка № 100 Железнодорожного мы находимся прям на станции. ТЦ Юнион
"; Часы работы Ежедневно с 10:00 до 21:00 ; 8(495)663-03-43 , 8(800)775-03-43 ;Кораблик
г. Дмитров; ул. Профессиональная,  7,  ТЦ Дмитровский;"С Савеловского вокзала до станции г.Дмитров, далее автобусом 38,40,26,36 до остановки ул. Маркова (м-н Спар)
"; Часы работы Ежедневно с 10:00 до 22:00 ; 8(495)663-03-43 , 8(800)775-03-43 ;Кораблик
г. Жуковский; ул. Гагарина,  67,  ТЦ Океан;"от Выхино, авт/маршрутка №424, от Кузьминок авт/маршрутка № 525 до ост. ТЦ ""Океан"". От казанского вокзала электричкой до станции Ильинская (первый вагон по ходу), выйти на право и пешком минут 15-20 по ул. Опаленной Юности до ТЦ ""Океан""."; Часы работы Ежедневно с 10:00 до 22:00 ; 8(495)663-03-43 , 8(800)775-03-43 ;Кораблик
г. Калуга; ул. Суворова,  113,  ТЦ Семейный;"Из Москвы: м. Юго-западное на автобусе, Киевский вокзал на электричке или на автобусе до станции Калуга 1. При выходе с электрички , до магазина можно доехать на  любом троллейбус, автобусе или маршрутном такси до остановки Концертный зал не переходя улицы , пройти вперед два перекрестка до ул. Суворова и повернуть направо, следовать до ТЦ Семейный. Или на маршрутном такси № 29, 31 до остановки ""Рынок"" (5-я от вокзала), пройти через сквер Медсестер до перекрестка Герцена-Суворова и повернуть направо до ТЦ Семейный."; Часы работы Ежедневно с 9:00 до 22:00 ; 8(495)663-03-43 , 8(800)775-03-43 ;Кораблик
Москва;м. Тимирязевская,  ул. Яблочкова,  21а,  ТЦ Тимирязевский;От М. Тимирязевская первый вагон из центра. Выход из метро на ул. Яблочкова (2 раза направо). Проходим 50 метров, слева ТЦ Тимирязевский. Магазин Кораблик находится на 2 этаже; Часы работы Ежедневно с 10:00 до 21:00 ; 8(495)663-03-43 , 8(800)775-03-43 ;Кораблик
г. Протвино; ул. Ленина,  22,  ТЦ Самохвал;"Из Москвы: от станции метро ""Южная"", междугородним автобусом ""Москва-Протвино"". Выход в городе на остановке ""АТС"". Далее переходим через дорогу и идем 5 минут пешком  до ТЦ ""Самохвал"" Магазин ""Кораблик"" находится на 2-м этаже.
"; Часы работы Ежедневно с 10:00 до 22:00 ; 8(495)663-03-43 , 8(800)775-03-43 ;Кораблик
г. Серпухов; ул. Ворошилова,  133а,  ТЦ Копейка;"Электричка с Курского вокзала до Станции Серпухов, далее любым автобусом по ул. Ворошилова до остановки ул. Горького. Пройти вперед 20 метров до торгового центра.
"; Часы работы Ежедневно с 09:00 до 22:00 ; 8(495)663-03-43 , 8(800)775-03-43 ;Кораблик
г. Троицк; ул. Городская,  вл. 6,  ТЦ Троицк;"Ст.м. ""Теплый Стан"", первый вагон из центра. По переходу  до любой  первой лестницы. Далее на автобусе или маршрутном такси N433 или N522 до остановки ""Фабричная"". От остановки вернуться на 150м назад до ТЦ ""Троицк"" (м-н ""Перекресток"")."; Часы работы Ежедневно с 10:00 до 22:00 ; 8(495)663-03-43 , 8(800)775-03-43 ;Кораблик
г. Малоярославец; ул. Калужская,  31;"Из Москвы: Киевский вокзал на электричке до станции Малоярославец. При выходе из электрички пройти прямо до автобусной остановки,до  магазина можно доехать на автобусе или маршрутном такси № 1,3,2,4 остановка ТЦ ""Пятерочка""
"; Часы работы Ежедневно с 09:00 до 21:00 ; 8(495)663-03-43 , 8(800)775-03-43 ;Кораблик
г. Клин; ул. Станционная, д. 10,  ТЦ Пайщик;"Из Москвы:1)Ленинградский вокзал-станция Клин на электричке,2)станция-метро Речной вокзал-станция Клин на 437 автобусе. Триста метров на лево от вокзала Т.Ц. Пайщик, 2 этаж.
"; Часы работы Ежедневно с 09:00 до 21:00 ; 8(495)663-03-43 , 8(800)775-03-43 ;Кораблик
г. Подольск; Вокзальная пл.,  8,  ТЦ Вокзальный;"Электричкой: до станции ""Подольск"", со станции на право 50м ТЦ Вокзальный 3 этаж. По городу любой вид транспорта, который доходит до ж/д станции ""Подольск""."; Часы работы Ежедневно с 09:00 до 21:00 ; 8(495)663-03-43 , 8(800)775-03-43 ;Кораблик
Москва;м. Октябрьская,  Калужская пл.,  1,  к.2,  ТЦ Европа;"М. Октябрьская Кольцевая – выход один, после турникетов направо по указателю в сторону Калужской площади, после стеклянных дверей опять направо, пройти около 20 метром до перехода, по переходу перейти на противоположную сторону, подняться по лестнице с правой стороны, пройти прямо  до конца здания (мимо Сбарро), и повернуть налево, дойти до конца здания, повернуть опять налево, идти прямо около 50 метров, слева будет вход в торговый центр «Европа», 1 этаж – магазин «Кораблик».
 м. Октябрьская Радиальная – последний вагон из центра выход в сторону Калужской пл,. после стеклянных дверей направо, пересекаем по диагонали Калужскую площадь (мимо памятника Ленину), далее прямо до светофора, с правой стороны будет ТЦ «Европа», 1 этаж – магазин «Кораблик»    
"; Часы работы Ежедневно с 09:00 до 21:00 ; 8(495)663-03-43 , 8(800)775-03-43 ;Кораблик
Москва;м. Электрозаводская,  ул. Б. Семёновская,  16,  ТРЦ Серебрянный дом;м. Электрозаводская выход один. В 2-х метрах от метро ТЦ Серебряный Дом. Этаж 3.; Часы работы Ежедневно с 10:00 до 22:00 ; 8(495)663-03-43 , 8(800)775-03-43 ;Кораблик
г. Тула; ул. Октябрьская,  91,  ТЦ «SPAR»;"Остановка ""Московская застава"", в 20 м ТЦ SPAR, цокольный этаж, транспорт: троллейбусы №№ 1,3,4,6,9; автобусы №№ 36,6,11,24,21; маршрутное такси №№ 1,9,11,21,23,24,33,34,36.
"; Часы работы Ежедневно с 10:00 до 22:00 ; 8(495)663-03-43 , 8(800)775-03-43 ;Кораблик
Москва;м. Щёлковская,  ул. Уральская,  1а,  ТЦ Щелчок;"Метро ""Щелковская"", первый вагон из центра, поднимаясь по ступенькам, повернуть налево (основной поток идет направо к автовокзалу), выход в город направо. Выходим из метро сразу к ТЦ ""ЩелчОк"".
"; Часы работы Ежедневно с 10:00 до 22:00 ; 8(495)663-03-43 , 8(800)775-03-43 ;Кораблик
Москва;м. Выхино,  г. Москва,  ул.Старый Гай,  д.9 ТЦ Марка;От ст. метро Новогиреево или Выхино, авт.247, трол.64 до ост. Ул.  Старый Гай; Часы работы Ежедневно с 09:00 до 22:00 ; 8(495)663-03-43 , 8(800)775-03-43 ;Кораблик
Москва;м. Кунцевская,  Можайское ш.,  39,  ТЦ Петровский;"От Кунцевской на авт. 45, 190, 867. От Славянского бульвара авт. 45, 157, 139. До улицы ""Дорогобужская"". Перейти на др. сторону Можайского шоссе.  От Молодежной авт. 732, либо маршрутка 92М    до улицы ""Дорогобужская"".                                                                Магазин находится в ТЦ ""Петровский""."; Часы работы Ежедневно с 09:00 до 22:00 ; 8(495)663-03-43 , 8(800)775-03-43 ;Кораблик
Москва;м. Новокосино,  ул. Суздальская,  12а,  ТЦ «На Суздальской»;"Метро ""Новокосино"" последний вагон из центра, далее автобусом № 613, 773, 885 до ост. ""Торговый центр на Суздальской"".
"; Часы работы Ежедневно с 09:00 до 21:00 ; 8(495)663-03-43 , 8(800)775-03-43 ;Кораблик
Москва;м. Новые Черёмушки,  ул. Профсоюзная,  45,  ТЦ «Царское Село»;"М. Новые Черемушки, первый вагон из центра, из метро – налево. Далее переходим дорогу и идем прямо, вдоль ул. Профсоюзная 200 метров до ТЦ ’’Царское Село’’, поднимаемся на 2 этаж.
"; Часы работы Ежедневно с 10:00 до 22:00 ; 8(495)663-03-43 , 8(800)775-03-43 ;Кораблик
Москва;м. Университет,  Россия,  Москва,  Ленинский проспект,  70/11;М. Университет, выход посередине в сторону театра Джигарханяна по Ломоносовскому проспекту до перекрестка с Ленинским проспектом. 2 остановки на трамвае или 7 минут пешком. Магазин расположен в жилом доме.; Часы работы Ежедневно с 09:00 до 22:00 ; 8(495)663-03-43 , 8(800)775-03-43 ;Кораблик
Москва;"м. Кунцевская,  Кутузовский проспект,  д. 88,  ТЦ ""Перекресток Европы""  ";; Часы работы Ежедневно с 10:00 до 22:00 ; 8(495)663-03-43 , 8(800)775-03-43 ;Кораблик
г. Тверь; ул. Луначарского,  18,  ТЦ Радость;"Из центра маршрутными такси № 6,9,13,25,223 до остановки Площадь Конституции (р-он Вагонзавод), на перекрестке (светофоре) повернуть направо, идти прямо 400м до ТЦ ""Радость"" (мкр-он Радужный)."; Часы работы Ежедневно с 09:00 до 22:00 ; 8(495)663-03-43 , 8(800)775-03-43 ;Кораблик
г. Звенигород; ул. Почтовая,  41 корп 1,  ТРЦ «Тик-Так» 2-й этаж;"Из Москвы; с Белорусского вокзала на электричке до станции Звенигород далее марш. такси №25,11,22 до остановки ""кинотеатр"" или метро Строгино авт. 881 до Звенигорода ост. ""Кинотеатр"", далее направо до ТЦ ""Тик-Так""."; Часы работы Ежедневно с 09:00 до 21:00 ; 8(495)663-03-43 , 8(800)775-03-43 ;Кораблик
г. Химки; ул. Дружбы,  1а,  ТЦ Новые Химки;"Из Москвы общественным транспортом: От ст.м. Речной Вокзал  далее автобус маршрута  532;От Ст.м. Планерная автобус маршрута 154
На электричке: доехать до станции «Химки» 1 вагон (из Москвы), из области номер вагона неважен. От станции маршрутное такси или автобусы маршрута №3 до ост. Ул. Дружбы, далее двигаться прямо по ходу движения транспорта 300м.  перейти на другую сторону перекрестка ул. Дружбы и проспекта Дружбы.
"; Часы работы Ежедневно с 10:00 до 22:00 ; 8(495)663-03-43 , 8(800)775-03-43 ;Кораблик
Москва;м. Люблино,  Тихорецкий б-р,  2,  к.1;М. Люблино последний вагон из центра выход к ТЦ «Москва». Из стеклянных дверей направо. Выходите из метро,  никуда не сворачивая идете прямо. По правую руку  будет стройка. Идете прямо до перекрестка. Ориентир  «Мир пиццы» или «Автомото музей» справа. Поворачиваете налево, не переходя дороги. Идете прямо до супермаркета «Билла», проходите еще 100 метров  и слева будет ТЦ «Дикси». На цокольном этаже находится наш «Кораблик».; Часы работы Ежедневно с 09:00 до 21:00 ; 8(495)663-03-43 , 8(800)775-03-43 ;Кораблик
Москва;м. Царицыно,  ул. Михневская,  4,  ТЦ Седьмой Континент 2-й этаж;м. Царицыно 1-ый вагон из центра, выход на право, маршрутка 289 ост. ул. Михневская д.10. Маршрутка 620м, либо 1м до остановки Институт садоводства, далее спуститься вниз до ТЦ Седьмой Континент. М. Кантемировская, 1-ый вагон из центра, на право, по лестнице на лево  маршрутка 690, либо 712к до остановки ул. Михневская, дом 10; Часы работы Ежедневно с 09:00 до 21:00 ; 8(495)663-03-43 , 8(800)775-03-43 ;Кораблик
г. Мытищи; б-р Ветеранов,  стр. 2,  ТЦ ЭкоБазар;"С Яроославского вокзала до ст.Мытищи,далее авт.№ 11,13,1 до остановки ЭКОбазар. Либо от м. Медведково авт.169 ост.ЭКОбазар
"; Часы работы Ежедневно с 09:00 до 21:00 ; 8(495)663-03-43 , 8(800)775-03-43 ;Кораблик
Россия; Московская область,  Дубна,  проспект Боголюбова,  17;; Часы работы Ежедневно с 10:00 до 21:00 ; 8(495)663-03-43 , 8(800)775-03-43 ;Кораблик
г. Тверь; Тверской пр-т,  2,  ТЦ Олимп;; Часы работы Ежедневно с 10:00 до 21:00 ; 8(495)663-03-43 , 8(800)775-03-43 ;Кораблик
г. Рязань; ул. Гагарина,  164,  ТЦ Полетаевский;"Район Роща, остановка ""Полетаевский рынок"".  № маршруткного такси 99,65, 33, 82,50,70,71,85
"; Часы работы Ежедневно с 09:00 до 20:00 ; 8(495)663-03-43 , 8(800)775-03-43 ;Кораблик
г. Краснознаменск; ул. Молодёжная,  2/1,  ТЦ Звёздный;Закрытое административно-территориальное образование (ЗАТО) - въезд на территорию города осуществляется строго по пропускам.; Часы работы Ежедневно с 10:00 до 22:00 ; 8(495)663-03-43 , 8(800)775-03-43 ;Кораблик
г. Смоленск; ул. Ново-Московская,  2/8,  ТРЦ «Галактика»;"ТРЦ ""Галактика"" находится ул.Ново-Московская д.2/8. Доезжаем на м/т №32 (Соловьиная роща-Галактика) или №22 до Колхозной площади (через подземный переход за супермаркет ""Максидом""
"; Часы работы Ежедневно с 10:00 до 21:00 ; 8(495)663-03-43 , 8(800)775-03-43 ;Кораблик
г. Нижний Новгород; Московское ш.,  12,  ТРЦ Рио;"Поезд до ст. Нижний Новгород. Московский(г.Н.Новгород), на метро со ст. ""Московская"", до ст. м ""Канавинская""(1 остановка) направление ст. м. ""Буревестник"". Необходим ТЦ ""РИО"""; Часы работы Ежедневно с 10:00 до 22:00 ; 8(495)663-03-43 , 8(800)775-03-43 ;Кораблик
г. Саранск; ул. Советская,  55а,  ТРЦ Рио;"автобус №6, №1, №8, Газель №20, 32, 40, 16, до остановок: Центральный рынок, Почта, Дом союзов
"; Часы работы Ежедневно с 10:00 до 22:00 ; 8(495)663-03-43 , 8(800)775-03-43 ;Кораблик
г. Серпухов; Московское ш.,  55,  ТРЦ «Б-класс»;"Из Москвы: ст. м. ""Южная"", с автовокзала автобусом № 459 Москва-Серпухов. Выход на остановке ""Ивановские дворики"". Находимся в ТРЦ ""Б-класс"" на 2-м этаже. Городским транспортом: авт. №104 и № 17 до остановки ""Б-класс""
"; Часы работы Ежедневно с 9:00 до 22:00 ; 8(495)663-03-43 , 8(800)775-03-43 ;Кораблик
Москва;"м. Выхино,  Россия,  Москва,  улица Рудневка,  19 ,  Тц ""Зебра""";"Москва мкр. Кожухово от м. Выхино автобус 821 остановка поликлиника 78 через дорогу ТЦ ""Зебра"", от м. Новокосино автобус 792 
"; Часы работы Ежедневно с 09:00 - 22:00 ; 8(495)663-03-43 , 8(800)775-03-43 ;Кораблик
Москва;м. Юго-Западная,  пр-т Вернадского 105,  ТЦ Премьера;"От.ст.м.Кунцевская авт.№688 или марш.308 до м.Юго-Западная.,от ст.м.Юго-Западная 100 м.ТЦ ""Премьера"".
"; Часы работы Ежедневно с 10:00 до 22:00 ; 8(495)663-03-43 , 8(800)775-03-43 ;Кораблик
г. Владимир; ул.Добросельская,  д. 169 Б,  ТЦ Район;; Часы работы Ежедневно с 10-00 до 21-00 ; 8(495)663-03-43 , 8(800)775-03-43 ;Кораблик
 г. Балашиха; ул. Свердлова ,  д.1А,  ТЦ Курс,  1-й эт.;; Часы работы Ежедневно с 09:00 до 21:00 ; 8(495)663-03-43 , 8(800)775-03-43 ;Кораблик
г. Королёв; пр-т Космонавтов,  20а,  ТЦ Гелиоc;; Часы работы Ежедневно с 10:00 до 21:00 ; 8(495)663-03-43 , 8(800)775-03-43 ;Кораблик
г. Калуга; ул. Кирова,  19,  ТРЦ Рио;; Часы работы Ежедневно с 10:00 до 22:00 ; 8(495)663-03-43 , 8(800)775-03-43 ;Кораблик
Москва;м. ВДНХ,  г. Москва,  Проспект Мира,  д.211, к2,  ТЦ Золотой Вавилон;Для удобства посетителей торгово-развлекательного центра «Золотой Вавилон» от станций метро «Бабушкинская», «ВДНХ» и «Отрадное» курсируют бесплатные автобусы. Наш магазин находится на 2-м этаже.; Часы работы Ежедневно с 10:00 до 22:00 ; 8(495)663-03-43 , 8(800)775-03-43 ;Кораблик
г. Коломна; ул. Октябрьской Революции,  362,  ТРЦ «Рио»;"от ж/д станции Голутвин выйти в город, идти прямо до ул. октябрьской революции после перекрестка, Торговый центр ""РИО"" находится справа.
"; Часы работы Ежедневно с 10:00 до 22:00 ; 8(495)663-03-43 , 8(800)775-03-43 ;Кораблик
г. Белгород; пр-т Б. Хмельницкого,  164,  ТРЦ Рио;; Часы работы Ежедневно с 10:00 до 22:00 ; 8(495)663-03-43 , 8(800)775-03-43 ;Кораблик
Москва;м. Бульвар Дмитрия Донского,  г. Москва,  м. Бульвар Дмитрия Донского,  ул.Старокачаловская,   д.5А,  ТЦ Круг,  2-й этаж.;; Часы работы Ежедневно с 10:00 до 22:00 ; 8(495)663-03-43 , 8(800)775-03-43 ;Кораблик
г. Орёл; Московское ш.,  175,  ТРЦ Рио;; Часы работы Ежедневно с 09:00 до 21:00 ; 8(495)663-03-43 , 8(800)775-03-43 ;Кораблик
г. Старый Оскол; пр-т Молодёжный,  10,  ТРЦ Маскарад;"С автовокзала: остановка напротив здания автовокзала - м/т № 46а, остановка ТРЦ"" Маскарад""
С ж/д вокзала: остановка напротив здания ж/д вокзала, м/т №1, остановка ""мкр. Макаренко"", направо до перекрестка, на перекрестке налево мимо клуба Фараон до ТРЦ"" Маскарад""
"; Часы работы Ежедневно с 10:00 до 21:00 ; 8(495)663-03-43 , 8(800)775-03-43 ;Кораблик
г.Вологда; Окружное шоссе,  д.12 ТЦ РИО,  2-й этаж;; Часы работы Ежедневно с 10:00 до 21:00 ; 8(495)663-03-43 , 8(800)775-03-43 ;Кораблик
г. Домодедово; мкр-н Авиационный,  пр-т Туполева,  д.2 ТЦ Торговый город;"со станции ""Домодедово"" автобус № 30 до остановки ТЦ ""Город"""; Часы работы Ежедневно с 09:00 до 21:00 ; 8(495)663-03-43 , 8(800)775-03-43 ;Кораблик
г. Орел; улица Комсомольская,  дом 270 а,  ТЦ Эльдорадо;"остановка м-н Уют, напротив остановки ТЦ ""Эльдорадо""
"; Часы работы Ежедневно с 10:00 до 21:00 ; 8(495)663-03-43 , 8(800)775-03-43 ;Кораблик
г. Липецк; ул. Меркулова,  2 ТЦ Октябрьский;; Часы работы Ежедневно с 09:00 до 21:00 ; 8(495)663-03-43 , 8(800)775-03-43 ;Кораблик
Москва;м. Марьина Роща,  ул.Шереметьевская,  д.6,  корп. 1 ТЦ Райкин Плаза;м.Марьина Роща, первый вагон из центра, в подземном тамбуре по ходу движения через входные двери. Слева будет «Сатирикон», справа парк, впереди 3-х этажное здание из рыжего кирпича. Двигаемся прямо по дорожке. Перейти мал.проезжую часть, на углу здания вход.; Часы работы Ежедневно с 10:00 до 22:00 ; 8(495)663-03-43 , 8(800)775-03-43 ;Кораблик
Москва;м. Каховская,  ул. Азовская,  д.24,  корп.3,  ТЦ Азовский;"м.Севастопольская, 1-ый вагон из центра, из стеклянных дверей напрово и сразу налево, двигаемся вперед, через 200 метров справа располагается ТРЦ ""Азовский"""; Часы работы Ежедневно с 10:00 до 22:00 ; 8(495)663-03-43 , 8(800)775-03-43 ;Кораблик
г. Королев;" пр-т Королева,  д.5Д,  корп.1,  ТЦ ""Статус""";"От станций ""Подлипки"" и ""Болшево"" выход направо (если следовать со стороны Москвы), доехать можно на любом транспорте, следующем по пр-ту Королева, остановка ТЦ ""Статус"" 
"; Часы работы Ежедневно с 09:00 до 22:00 ; 8(495)663-03-43 , 8(800)775-03-43 ;Кораблик
Москва;"м. Бульвар Дмитрия Донского,  г.Москва,  ул.Поляны, д.8,  ТЦ ""Вива""";"м.Бульвар Дмитрия Донского, 1в. из центра из дверей налево, до конца по коридору и налево, добраться можно от метро на бесплатном маршрутном транспорте или на автобусах 94,213,146,101,118, до остановки ул.Поляны д.8. Мы находимся ТЦ ""Вива"" 
"; Часы работы Ежедневно с 10:00 до 22:00 ; 8(495)663-03-43 , 8(800)775-03-43 ;Кораблик
г. Ярославль; ул. Свободы,  д. 91,  ТЦ Венге;" Магазин Кораблик расположен в  Торговом центре Венге , за остановкой Городской Вал. До него можно добраться на маршрутном такси № 76,78,81,82,88,99 до остановки городской вал. На маршрутке № 52 нужно доехать до остановки м-н турист , перейти дорогу и идти вдоль здания бывшего завода топливной аппаратуры до перекрёстка. За ним расположен ТЦ ""Венге"".
"; Часы работы Ежедневно с 09:00 до 22:00 ; 8(495)663-03-43 , 8(800)775-03-43 ;Кораблик
г. Иваново; улица Куконковых,  д. 141,  ТЦ Евроленд;"От автовокзала на автобусе 120, 40, 7; Троллейбус 10; Маршрутка 31, 35, 135, 100 до остановки ТЦ ""Евролэнд""                                  .                                                           
От ж/д вокзала на автобусе 120; Троллейбус 6, 8 до остановки ТЦ ""Евролэнд""                                  
"; Часы работы Ежедневно с 10:00 до 22:00 ; 8(495)663-03-43 , 8(800)775-03-43 ;Кораблик
г. Новомосковск; ул. Трудовые резервы,  д. 33Б,  ТРЦ Первый;"""ТЦ Первый"" находится на центральном рынке."; Часы работы Ежедневно с 10:00 до 22:00 ; 8(495)663-03-43 , 8(800)775-03-43 ;Кораблик
Москва;м. Кузьминки,  Г. Москва,  Зеленодольская ул.,  д 44,  ТЦ Москва;"м.Кузьминки, выход из метро к кинотеатру ""Высота"" (есть указатель), идти в сторону кинотеатра до пешеходного перехода, справа через дорогу будет ТЦ ""Москва"".
"; Часы работы Ежедневно с 9:00 до 22:00 ; 8(495)663-03-43 , 8(800)775-03-43 ;Кораблик
Москва;м. Измайловская,  г. Москва,  ул. Первомайская,  д. 42,  ТЦ Измайловский;"м.Измайловская, 1-ый вагон из центра, направо. Идти прямо по третьей парковой улице до пересечения с ул. Первомайская, повернуть направо, идти всегда прямо до ТЦ "" Измайловский""
"; Часы работы Ежедневно с 10:00 до 22:00 ; 8(495)663-03-43 , 8(800)775-03-43 ;Кораблик
г. Кострома; ул. Магистральная,  д. 20 ТРЦ РИО;; Часы работы Ежедневно с 10:00 до 22:00 ; 8(495)663-03-43 , 8(800)775-03-43 ;Кораблик
Коминтерновский р-н; б-р Победы,  д. 23б,  ТЦ Арена;"Северный микрорайон, остановка маршрутного транспорта гипермаркет ""Линия"", ТРЦ ""Арена""
"; Часы работы Ежедневно с 10:00 до 22:00 ; 8(495)663-03-43 , 8(800)775-03-43 ;Кораблик
г. Тамбов; Студенецкая наб.,  д. 20-а,  ТРЦ Акварель;"остановка студенецкая набережная, автобус 23, 17, 16, 14, 34, 8, 6
"; Часы работы Ежедневно с 10:00 до 22:00 ; 8(495)663-03-43 , 8(800)775-03-43 ;Кораблик
г. Череповец; ул. Годовикова,  д.37,  ТЦ Июнь;"от ж/д вокзала: авт. № 7, 39 до остановки м-н Каравай, далее перейти пр.Октябрьский и идти по пр. Шекснинский около 500 м. Впереди по ходу движения ТРК ""Июнь"".
"; Часы работы Ежедневно с 10:00 до 22:00 ; 8(495)663-03-43 , 8(800)775-03-43 ;Кораблик
г. Брянск; Советский р-н,  пр-т Ленина,  д.6А,  ТЦ Родина;; Часы работы Ежедневно с 09:00 до 21:00 ; 8(495)663-03-43 , 8(800)775-03-43 ;Кораблик
г. Зеленоград; Панфиловский пр-т,  д. 6А,  ТЦ Панфиловский;"со станции Крюково на автобусе № 10,12,11,32,1 остановка ""Первый торговый центр"". С остановки идти по направлению к Панфиловскому проспекту 200метров, далее через подземный пешеходный переход ТЦ ""Панфиловский""."; Часы работы Ежедневно с 10:00 до 22:00 ; 8(495)663-03-43 , 8(800)775-03-43 ;Кораблик
г. Волоколамск; ул. Панфилова,  д.22,  ТЦ Центр Города;; Часы работы Ежедневно с 09:00 до 22:00 ; 8(495)663-03-43 , 8(800)775-03-43 ;Кораблик
г.Солнечногорск; ул. Красная,  д. 22-а,  ТЦ Солнечный;"1. На въезде в город, двигаясь со стороны Москвы (авт. №437 от м. Речной вокзал, №440 от м. Водный стадион), по Ленинградскому ш. первый светофор на право. В ТЦ ""Солнечный""(Атак) у дороги.                     
2. С Ленинградского вокзала (ст. м. Комсомольская на электричке до ст. Подсолнечная, за тем на любом автобусе в сторону Москвы до ост. ""ул. Ухова"" или ""магазин Виктор"" - 4я остановка от вокзала или 5-я остановка от автостанции.
"; Часы работы Ежедневно с 10:00 до 22:00 ; 8(495)663-03-43 , 8(800)775-03-43 ;Кораблик
Россия; Московская область,  Электросталь,  Ялагина ул.,  д. 3;"от ж/д станции ""Фрязево"" автобусом № 40, № 60 или 42 до ост. ""Макдональдс"". Перейти шоссе на противоположную сторону, пройти налево 200 м до ТД ""Перекресток"". С другого конца здания находится маг. ""Кораблик"" 
"; Часы работы Ежедневно с 09:00 до 21:00 ; 8(495)663-03-43 , 8(800)775-03-43 ;Кораблик
Москва;м. Жулебино,  г. Москва,  ул. Маршала Полубоярова,  д.16,  корп.1;"метро Жулебино, при выходе из метро на право и прямо, до торгового центра ""Перекресток""
"; Часы работы Ежедневно с 09:00 до 22:00 ; 8(495)663-03-43 , 8(800)775-03-43 ;Кораблик
Москва;м. Аннино,  Варшавское шоссе,  160;"Метро Аннино, последний вагон из центра, из стеклянных дверей налево. Обойти метро ТЦ ""Атлантис""
"; Часы работы Ежедневно с 10:00 до 22:00 ; 8(495)663-03-43 , 8(800)775-03-43 ;Кораблик
Москва;м. Каширская,  Каширское ш. вл. 12 ТРЦ Гудзон;"м.Нагатинская 1-ый вагона из центра, из дверей метро направо, 1-ый поворот направо - выход на улицу, по улице около 50 м, по ходу движения транспорта, остановка бесплатного автобуса до ТЦ ""Гудзон"". 
м.Каширская , первый вагон из центра и налево, далее автобус 907 троллейбус 81  ост. Хлебозаводский пр-д ""Каширский двор"". 
м. Коломенская, 1-й вагон из центра по ступенькам налево далее по переходу на право  остановка бесплатного автобуса до ТЦ ""Гудзон"".

Магазин расположен на -1 (цокольном) этаже.
"; Часы работы Ежедневно с 10:00 до 22:00 ; 8(495)663-03-43 , 8(800)775-03-43 ;Кораблик
г. Подольск; ул. Б.Серпуховская,  д.14;"автобус от ж/д станции ""Подольск"" № 29, 35, 7, 52, 149, 3, остановка ""Салон для новобрачных"". ТЦ ""Люкс"" расположен в здании жилого дома."; Часы работы Ежедневно с 10:00 до 22:00 ; 8(495)663-03-43 , 8(800)775-03-43 ;Кораблик
г.Фрязино; пр. Мира,  д.18,  ТЦ Чижово;"м.Щелковская автовокзал Щелковский, авт. № 335, 361 до остановки"" Чижово"" 
г.Фрязино, пройти на 200 метров назад до  ТЦ ""Чижово"""; Часы работы Ежедневно с 09:00 до 22:00 ; 8(495)663-03-43 , 8(800)775-03-43 ;Кораблик
Москва;м. Пятницкое шоссе,  Пятницкое шоссе,  д. 39,  ТЦ Мандарин;"м. Пятницкое шоссе, последний вагон из центра, выход из метро налево, потом на право подняться по ступенькам выход в город  ТЦ ""Мандарин"" ул. Пятницкое шоссе д,39
"; Часы работы Ежедневно с 10:00 до 22:00 ; 8(495)663-03-43 , 8(800)775-03-43 ;Кораблик
г. Курск; ул. Щепкина д. 4Б ТЦ Манеж;"ТЦ ""Манеж"" находится рядом с Кинотеатром им. Щепкина. Поворот направо с улицы Дзержинского сразу после кинотеатра. Имеется бесплатная внутренняя парковка."; Часы работы Ежедневно с 10:00 до 22:00 ; 8(495)663-03-43 , 8(800)775-03-43 ;Кораблик
г.Белгород; ул. Щорса д.64 ТЦ Сити-Мол Белгородский;"м/т № 111,153,43,120,117, остановка Сити - Молл, справа в 50 метрах от остановки ТЦ ""Сити-Мол Белгородский"". Пройти через весь ТЦ до ""Белого крыла"", магазин находится в конце крыла с лева.
"; Часы работы Ежедневно с 10:00 до 22:00 ; 8(495)663-03-43 , 8(800)775-03-43 ;Кораблик
г.Тамбов; ул. Советская,  д.99а,  ТРЦ РИО;"автобус № 23,17,16,14,34,8,6 остановка студенецкая набережная
"; Часы работы Ежедневно с 10:00 до 22:00 ; 8(495)663-03-43 , 8(800)775-03-43 ;Кораблик
г. Сергиев Посад; Новоугличское шоссе,  д.85,  ТЦ Капитолий;; Часы работы Ежедневно с 9:00 до 22:00 ; 8(495)663-03-43 , 8(800)775-03-43 ;Кораблик
Москва;м. Печатники,  ул. Гурьянова,  д.2А ТЦ Гурьяново;; Часы работы Ежедневно с 10:00 до 22:00 ; 8(495)663-03-43 , 8(800)775-03-43 ;Кораблик
Московская обл.; г. Электросталь,  Ногинское шоссе,  д.2,  ТЦ Атак;; Часы работы Ежедневно с 09:00 до 21:00 ; 8(495)663-03-43 , 8(800)775-03-43 ;Кораблик
г. Долгопрудный; Лихачевское шоссе,  д.11а;; Часы работы Ежедневно с 10:00 до 22:00 ; 8(495)663-03-43 , 8(800)775-03-43 ;Кораблик
Москва;м. Юго-Западная,  Россия,  Москва,  МКАД,  47-й километр,  с22;"от м.Юго-Западная. Из последнего вагона из центра выход направо, авт. № 71, 720, 330, 718, 752 до остановки ""ДСК-3"". С остановки перейти на другую сторону по подземному переходу. ТЦ НАШ"; Часы работы Ежедневно с 10:00 до 22:00 ; 8(495)663-03-43 , 8(800)775-03-43 ;Кораблик
МО; г. Дзержинский,  пл. Дмитрия Донского д. 1а ТЦ Дзержинский;; Часы работы Ежедневно с 8-00 до 20-00 ; 8(495)663-03-43 , 8(800)775-03-43 ;Кораблик
Московская обл.; Одинцовский р-н,  п.Горки-10,   д.30А ТЦ Универмаг Новый;; Часы работы Ежедневно с 10:00 до 22:00 ; 8(495)663-03-43 , 8(800)775-03-43 ;Кораблик
г. Одинцово;" ул. Говорова 163 ТЦ ""Атлас""";; Часы работы Ежедневно с 10:00 до 22:00 ; 8(495)663-03-43 , 8(800)775-03-43 ;Кораблик
Москва;м. Алма-Атинская,  г. Москва,  ул.Борисовские пруды,  владение 26,  кор.2 ТЦ Браво;; Часы работы Ежедневно с 10:00 до 22:00 ; 8(495)663-03-43 , 8(800)775-03-43 ;Кораблик
Москва;м. Славянский бульвар,  г. Москва,  ул. Матвеевская,  2 ТЦ Тук Тук;; Часы работы Ежедневно с 10:00 до 21:00 ; 8(495)663-03-43 , 8(800)775-03-43 ;Кораблик
Москва;м. Проспект Вернадского,  Мичуринский проспект,  д. 27 ТЦ Тиара;метро Проспект Вернадского, выход из первого вагона далее на автобусе 715 до остановки Винницкая улица. ; Часы работы Ежедневно с 10:00 до 22:00 ; 8(495)663-03-43 , 8(800)775-03-43 ;Кораблик
Москва;м. Царицыно,  г. Москва,  ул. Элеваторная,  д.12/1;; Часы работы Ежедневно с 09:00 до 22:00 ; 8(495)663-03-43 , 8(800)775-03-43 ;Кораблик
Москва;м. Зябликово,  г. Москва,  ул. Ясеневая,  д.30 ТЦ Седьмой континент;; Часы работы Ежедневно с 09:00 до 22:00 ; 8(495)663-03-43 , 8(800)775-03-43 ;Кораблик
Москва;м. Алтуфьево,  г. Москва,  ул. Лескова 16 ТЦ 7Континент;; Часы работы Ежедневно с 10:00 до 22:00 ; 8(495)663-03-43 , 8(800)775-03-43 ;Кораблик
г. Московский; ул. Атласова,  1-й микрорайон ,  д.32,  стр. А.;; Часы работы Ежедневно с 09:00 до 22:00 ; 8(495)663-03-43 , 8(800)775-03-43 ;Кораблик
Старая Купавна; Кирова д.19 ТЦ Шоколад;; Часы работы Ежедневно с 9:00 до 21:00 ; 8(495)663-03-43 , 8(800)775-03-43 ;Кораблик
г. Ступино; пр. Победы 63а ТЦ Курс;; Часы работы Ежедневно с 10:00 до 22:00 ; 8(495)663-03-43 , 8(800)775-03-43 ;Кораблик
г. Конаково; ул. Гагарина,  д.25а;; Часы работы Ежедневно с 09:00 до 21:00 ; 8(495)663-03-43 , 8(800)775-03-43 ;Кораблик
г. Тула; Советский р-н,  Красноармейский пр-т,  д.10;; Часы работы Ежедневно с 10:00 до 22:00 ; 8(495)663-03-43 , 8(800)775-03-43 ;Кораблик
Москва;"м. Юго-Западная,  ул. Ак. Анохина д. 9 А ТЦ ""Атак""";; Часы работы Ежедневно с 10:00 до 22:00 ; 8(495)663-03-43 , 8(800)775-03-43 ;Кораблик
Московская обл.; г. Лобня,  Краснополянский проезд,  д.2;; Часы работы Ежедневно с 10:00 до 22:00 ; 8(495)663-03-43 , 8(800)775-03-43 ;Кораблик
Нижегородская обл.; г. Дзержинск,  проспект Циолковского,  д.62А;; Часы работы Ежедневно с 9:00 до 21:00 ; 8(495)663-03-43 , 8(800)775-03-43 ;Кораблик
г.Воронеж; Ленинский проспект,  д.174П;; Часы работы Ежедневно с 10:00 до 22:00 ; 8(495)663-03-43 , 8(800)775-03-43 ;Кораблик
Одинцовский р-н.; пос. ВНИИССОК,  ул. Кленовая,  д.1 ;; Часы работы Ежедневно с 10:00 до 22:00 ; 8(495)663-03-43 , 8(800)775-03-43 ;Кораблик
Россия; г. Химки,  мкр. Сходня,  6-й км Новосходненского ш.,  д.140,  ТЦ «ИДЕЯ»;; Часы работы Ежедневно с 10:00 до 22:00 ; 8(495)663-03-43 , 8(800)775-03-43 ;Кораблик
г. Рязань; Первомайский проспект,  дом 70 кор. 1,  ТЦ Виктория плаза;; Часы работы Ежедневно с 10:00 до 22:00 ; 8(495)663-03-43 , 8(800)775-03-43 ;Кораблик
Московская область;"  г.Лыткарино,  ул. Спортивная,  стр.22,  ТЦ ""Выходной""";; Часы работы Ежедневно с 10:00 до 22:00 ; 8(495)663-03-43 , 8(800)775-03-43 ;Кораблик
Ярославская область;" г. Рыбинск,  ул. Герцена,  д.62/ ул. Кирова,  д.9,  ТЦ ""Сенная площадь""";; Часы работы Ежедневно с 10:00 до 21:00 ; 8(495)663-03-43 , 8(800)775-03-43 ;Кораблик
Россия; Московская область,  Звенигород,  Нахабинское шоссе,  стр. 15;; Часы работы Ежедневно с 10:00 до 22:00 ; 8(495)663-03-43 , 8(800)775-03-43 ;Кораблик
Россия; Московская область,  Люберцы,  Октябрьский проспект,  112;; Часы работы Ежедневно с 10:00 до 22:00 ; 8(495)663-03-43 , 8(800)775-03-43 ;Кораблик
Нижегородская обл.; г. Нижний Новгород,  Южное шоссе,  д.35;; Часы работы Ежедневно с 9-00 до 21-00 ; 8(495)663-03-43 , 8(800)775-03-43 ;Кораблик
г.Нижний Новгород;" ул.Большая Покровская,  д.82,  ТЦ ""Небо""";; Часы работы Ежедневно с 10:00 до 22:00 ; 8(495)663-03-43 , 8(800)775-03-43 ;Кораблик
Московская обл.; г. Реутов,  Юбилейный проспект,  д.57;; Часы работы Ежедневно с 10:00 до 22:00 ; 8(495)663-03-43 , 8(800)775-03-43 ;Кораблик
Московская обл.; Дмитровский р-н,  г. Яхрома,  пл. Генерала Кузнецова,  д.2;; Часы работы Ежедневно с 9:00 до 21:00 ; 8(495)663-03-43 , 8(800)775-03-43 ;Кораблик
г.Троицк; ул. Солнечная,  д.13;; Часы работы Ежедневно с 09:00 до 22:00 ; 8(495)663-03-43 , 8(800)775-03-43 ;Кораблик
Московская область; г. Орехово-Зуево,  ул. Северная,  д.1;; Часы работы Ежедневно с 9:00 до 22:00 ; 8(495)663-03-43 , 8(800)775-03-43 ;Кораблик
Москва;м. Пролетарская,  г.Москва,  пр-т Волгоградский,  д.1,  стр.1;; Часы работы Ежедневно c 9-00 до 22-00 ; 8(495)663-03-43 , 8(800)775-03-43 ;Кораблик
г.Ивантеевка; ул. Дзержинского,  д.21/2;; Часы работы Ежедневно с 9:00 до 22:00 ; 8(495)663-03-43 , 8(800)775-03-43 ;Кораблик
Москва;м. Пражская,  г. Москва,  ул.Кировоградская,  д.13А ТРЦ «Columbus»;; Часы работы Ежедневно с 10:00 до 22:00 ; 8(495)663-03-43 , 8(800)775-03-43 ;Кораблик
Московская обл.; г. Бронницы,  ул. Льва Толстого,  д.9 ТЦ Кемп Стиль ;; Часы работы Ежедневно с 9:00 до 22:00 ; 8(495)663-03-43 , 8(800)775-03-43 ;Кораблик
Нижегородская обл.; г.Нижний Новгород,  Автозаводский р-н,  ул. Плотникова,  д.3а;; Часы работы Ежедневно с 9:00 до 21:00 ; 8(495)663-03-43 , 8(800)775-03-43 ;Кораблик
Россия; Воронеж,  улица Домостроителей,  24;; Часы работы Ежедневно с 10:00 до 22:00 ; 8(495)663-03-43 , 8(800)775-03-43 ;Кораблик
Россия; Московская область,  Домодедово,  Каширское шоссе,  3А;"<p><span style=""color: #ff6600;""><strong><span style=""font-size: 18pt;"">Панорамы магазина:</span></strong></span></p>"; Часы работы Ежедневно с 10:00 до 22:00 ; 8(495)663-03-43 , 8(800)775-03-43 ;Кораблик
Московская обл.; Можайский р-н,  г.Можайск,  ул.Строителей,  д.1;; Часы работы Ежедневно с 9:00 до 22:00 ; 8(495)663-03-43 , 8(800)775-03-43 ;Кораблик
Россия; Московская область,  Наро-Фоминский район,  Апрелевка,  ул. Августовская,  д.14;; Часы работы Ежедневно с 09:00 до 22:00 ; 8(495)663-03-43 , 8(800)775-03-43 ;Кораблик
г.Химки; мкр-н Левобережный,  ул.Пожарского,  д.12,   стр.1;; Часы работы Ежедневно с 10:00 до 22:00 ; 8(495)663-03-43 , 8(800)775-03-43 ;Кораблик
Москва;м. Саларьево,  г. Москва,  ул. Шолохова,  д.5,  корп.2;; Часы работы Ежедневно с 10:00 до 22:00 ; 8(495)663-03-43 , 8(800)775-03-43 ;Кораблик
Москва;м. Сокол,  г. Москва,  ул.Часовая,  д.13;"<p><span style=""color: #ff6600;""><strong><span style=""font-size: 18pt;"">Панорамы магазина:</span></strong></span></p>"; Часы работы Ежедневно с 10:00 до 22:00 ; 8(495)663-03-43 , 8(800)775-03-43 ;Кораблик
Россия; Московская область,  Воскресенск,  площадь Ленина,  5;; Часы работы Ежедневно с 10:00-22:00 ; 8(495)663-03-43 , 8(800)775-03-43 ;Кораблик
г. Московский; ул.Хабарова,  д.2;"<p><span style=""color: #ff6600;""><strong><span style=""font-size: 18pt;"">Панорамы магазина:</span></strong></span></p>"; Часы работы Ежедневно с 10:00 до 22:00 ; 8(495)663-03-43 , 8(800)775-03-43 ;Кораблик
Московская область; г.Руза,  ул. Федеративная,  д. 7;"<p><span style=""color: #ff6600;""><strong><span style=""font-size: 18pt;"">Панорамы магазина:</span></strong></span></p>"; Часы работы Ежедневно с 9:00 до 21:00 ; 8(495)663-03-43 , 8(800)775-03-43 ;Кораблик
Москва;м. Проспект Вернадского,  г.Москва,  проспект Вернадского,  д. 14А;"<p><span style=""color: #ff6600;""><strong><span style=""font-size: 18pt;"">Панорамы магазина:</span></strong></span></p>"; Часы работы Ежедневно с 10:00 до 21:00 ; 8(495)663-03-43 , 8(800)775-03-43 ;Кораблик
Владимирская область; г.Ковров,  ул.Лопатина,  д. 7А;"<p><span style=""color: #ff6600;""><strong><span style=""font-size: 18pt;"">Панорамы магазина:</span></strong></span></p>"; Часы работы Ежедневно с 10:00 до 22:00 ; 8(495)663-03-43 , 8(800)775-03-43 ;Кораблик
Московская область; г. Егорьевск,  Касимовское шоссе,  д.1а;; Часы работы Ежедневно с 9:00 до 21:00 ; 8(495)663-03-43 , 8(800)775-03-43 ;Кораблик
Москва;м. Бунинская аллея,  г.Москва,  ул.Кадырова,  д.1;; Часы работы Ежедневно с 9:00 до 22:00 ; 8(495)663-03-43 , 8(800)775-03-43 ;Кораблик
г. Москва; район Куркино,  ул. Соколово-Мещерская,  д.29;; Часы работы Ежедневно с 10:00 до 22:00 ; 8(495)663-03-43 , 8(800)775-03-43 ;Кораблик
